Salary,City,Pr/St,Cntry,Nat,Ht,Wt,Draft_Year,Ovrl,Hand,Last Name,First Name,Position,Team,GP,G,A,+/-,E+/-,PIM,TOI/GP,IPP%,SH%,SV%,PDO,F/60,A/60,Pct%,Diff,Diff/60,ind_Corsi_For,ixG,iRB,iRS,iDS,sDist,sDist.1,iHF,iHA,iHDf,iGVA.1,iTKA.1,iBLK.1,BLK%,FO%,%FOT,dzFOW,ozFOW,OTG,1G,GWG,ENG,PSG,PSA,G.Bkhd,G.Dflct,G.Slap,G.Snap,G.Tip,G.Wrap,G.Wrst,CBar ,Post,Over,S.Bkhd,S.Dflct,S.Slap,S.Snap,S.Tip,S.Wrap,S.Wrst,iPenD,iPenDf,NPD,Min,Maj,Match,Misc,Game,Goals_Against,HF,HA,GVA,TKA,PENT,Point_Shares,Grit,DAP,Pace,GS/G
925000,Sainte-Marie,QC,CAN,CAN,74,190,2015,18,L,Chabot,Thomas,D,OTT,1,0,0,-2,0,0,7.16,0,0,0.75,750,0,16.74,0,-2,-16.74,2,0,0,0,0,43,49.3,1,0,1,1,0,0,0,0,0,0,0,0,0,0,0,0,0,0,0,0,0,0,0,0,0,0,0,0,0,1,0,0,0,0,0,0,0,0,0,0,0,0,2,1,2,1,1,1,-0.2,1,0,175.7,-0.38
2250000,Ottawa,ON,CAN,CAN,74,207,2012,15,R,Ceci,Cody,D,OTT,79,2,15,-11,-10.4,20,23.17,30.4,7.4,0.915,989,1.84,2.79,39.7,-29,-0.95,287,6.1,7,9,16,52.4,46.3,111,154,-43,74,22,159,8,100,0.1,1,0,0,0,0,0,0,0,0,0,1,0,0,0,1,0,1,2,2,0,49,12,0,1,79,6,-4,2.2,10,0,0,0,0,85,749,671,284,197,104,3.2,290,13.3,112.5,0.18
8000000,St. Paul,MN,USA,USA,72,218,2006,7,R,Okposo,Kyle,RW,BUF,65,19,26,-7,-1.4,24,18.95,63.4,9.7,0.934,1031,3.47,1.95,64,31,1.51,283,17.4,16,20,36,28.4,26.3,53,68,-15,36,26,25,2.4,54.5,7.4,9,35,1,5,2,0,0,0,5,2,0,3,0,0,9,0,2,4,19,3,3,20,8,2,101,10,-2,-0.5,12,0,0,0,0,40,340,351,168,129,56,5,102,6.6,114.8,0.57
3500000,Ottawa,ON,CAN,CAN,77,220,2010,3,R,Gudbranson,Erik,D,VAN,30,1,5,-14,-5.3,18,20.31,37.5,6.2,0.897,959,1.58,3.45,31.4,-19,-1.88,88,1.4,1,4,5,55.1,51,66,66,0,23,4,44,7.3,0,0,0,0,0,0,1,0,0,0,0,0,0,0,0,0,1,0,0,0,0,0,18,3,0,0,19,7,1,2.7,4,2,0,0,0,35,198,197,86,59,26,0.5,130,17.5,105.1,0.2
1750000,Toronto,ON,CAN,CAN,76,217,2012,16,R,Wilson,Tom,RW,WSH,82,7,12,9,4.1,133,12.93,61.3,7.8,0.917,995,1.76,2.32,43.1,-10,-0.57,166,9.3,8,10,18,30.9,26.4,239,134,105,21,36,44,4.4,30,1,1,2,0,2,0,1,0,0,0,0,0,0,1,0,6,0,2,1,7,2,3,10,11,1,61,33,-11,-14.3,33,9,0,1,1,41,512,422,157,126,88,1.3,425,8.3,99.5,0.27
1500000,Strathroy,ON,CAN,CAN,70,192,1997,156,L,Campbell,Brian,D,CHI,80,5,12,12,0.7,24,18.43,23.9,9.8,0.936,1033,2.89,1.91,60.2,24,0.98,171,4.5,2,3,5,46.1,41.9,43,157,-114,59,11,83,6.5,0,0,0,0,0,1,1,0,0,0,0,0,2,0,0,0,2,0,1,6,2,0,32,9,1,0,30,11,-1,5.4,12,0,0,0,0,47,348,707,223,168,76,4.3,150,4.5,107.4,0.26
950000,Stockholm,,SWE,SWE,71,185,2009,53,L,Rodin,Anton,RW,VAN,3,0,1,1,0.3,0,8.91,100,14.3,1,1143,2.24,0,100,1,2.24,5,0.1,0,0,0,33.5,38.2,0,2,-2,1,2,1,4.3,0,0,0,0,0,0,0,0,0,0,0,0,0,0,0,0,0,0,0,0,0,0,0,0,0,0,2,0,0,0,0,0,0,0,0,0,1,12,3,4,0,0.1,1,0,89.8,0.18
842500,Toronto,ON,CAN,CAN,70,183,,,R,Rodrigues,Evan,LW/C,BUF,30,4,2,-7,-4.1,4,12.93,75,4.7,0.925,972,1.24,2.63,32,-9,-1.39,94,2.8,1,6,7,37.7,37.6,12,20,-8,9,12,12,3.2,41.6,79.4,27,40,0,1,0,0,0,0,0,0,0,1,0,0,3,0,0,2,3,0,7,9,0,1,31,8,6,3,2,0,0,0,0,17,192,136,50,30,22,0.2,28,12,106.3,0.21
1250000,Scarborough,ON,CAN,CAN,72,214,2010,42,R,Smith-Pelly,Devante,RW/C/LW,N.J,53,4,5,-19,-7.9,12,13.54,81.8,4,0.924,964,0.92,2.42,27.5,-18,-1.5,108,7.8,4,1,5,26.6,25.4,94,53,41,14,17,32,4.4,40.8,11.5,7,13,0,2,0,0,0,0,2,0,0,0,2,0,0,0,0,3,8,0,4,19,8,0,37,9,3,1.8,6,0,0,0,0,29,292,240,85,69,47,-0.3,138,18.5,101,0.04
925000,Petawawa,ON,CAN,CAN,68,178,2011,201,L,Peca,Matthew,C,T.B,10,1,1,-3,-2.6,2,11.44,100,4.4,0.907,952,1.05,2.63,28.6,-3,-1.58,24,0.9,0,1,1,24.9,28.4,9,16,-7,2,0,2,2.2,44.4,74.2,8,11,0,0,0,0,0,0,0,0,0,0,0,0,1,0,0,0,0,0,1,1,1,0,6,0,-1,-0.9,1,0,0,0,0,5,52,47,15,6,8,0,13,9,101.9,0.21
800000,Lively,ON,CAN,CAN,73,195,,,L,Desjardins,Andrew,LW/C,CHI,46,0,1,-6,0.8,22,9.4,10,4.8,0.912,959,1.39,2.64,34.5,-9,-1.25,84,4.5,2,4,6,27,26.1,73,57,16,10,9,17,3.9,56.5,19.2,19,11,0,0,0,0,0,0,0,0,0,0,0,0,0,1,0,0,1,0,2,3,5,1,34,9,1,-1.1,6,2,0,0,0,19,183,229,65,55,19,-1,114,13.7,114.5,0.08
600000,Ile Bizard,QC,CAN,CAN,74,204,2010,89,L,Chaput,Michael,C,VAN,68,4,5,-12,-5.7,29,11.02,56.3,4.7,0.924,971,1.28,2.48,34,-15,-1.2,113,6.6,9,5,14,28.4,24.5,68,52,16,14,13,29,4,52.7,59.5,61,56,0,0,0,0,0,0,0,1,2,0,0,0,1,0,1,0,5,5,5,5,4,0,40,8,-5,-5.9,12,1,0,0,0,31,327,307,71,77,45,-0.3,127,6.8,107.6,0.08
1000000,Brandon,MB,CAN,CAN,72,200,2006,66,R,White,Ryan,C,ARI/MIN,65,9,7,-16,-9,84,10.65,76.2,6.8,0.894,962,1.82,3.38,35,-18,-1.56,103,5.5,7,9,16,32.1,30.5,187,69,118,10,11,33,4.7,42.9,14.3,17,13,0,0,1,0,0,0,1,0,0,2,2,0,4,0,0,3,1,0,7,6,2,0,44,7,-14,-7,12,6,0,3,0,39,497,300,62,51,43,0.9,310,16.5,109.1,0.12
925000,Holland Landing,ON,CAN,CAN,73,186,2014,4,L,Bennett,Sam,C,CGY,81,13,13,-16,-0.6,75,14.98,65,7.7,0.906,983,1.98,2.62,43,-13,-0.64,215,13.3,12,19,31,27,26.6,127,66,61,25,43,46,4.4,46.1,72.1,115,118,0,3,0,1,0,0,0,0,2,1,1,0,9,1,0,9,13,0,5,9,16,2,77,21,-12,-11.9,30,3,0,0,0,53,426,334,213,175,85,1.6,251,5.7,101.5,0.27
950000,Red Deer,AB,CAN,CAN,72,195,2007,112,R,Sceviour,Colton,C/RW,FLA,80,9,15,-16,-6.5,25,14.63,68.6,6.3,0.911,974,1.8,2.82,38.9,-20,-1.03,264,14.5,17,13,30,31.2,28.7,108,93,15,23,40,64,5.8,53.4,5.2,12,13,0,2,1,0,0,0,1,0,0,1,0,0,7,0,2,1,18,1,24,34,5,9,81,12,2,-7.4,9,1,0,0,0,55,482,360,177,157,66,1.3,198,16.4,106.4,0.34
680000,Edmonton,AB,CAN,CAN,74,187,2012,105,L,Kulak,Brett,D,CGY,21,0,3,-3,-0.4,12,14.24,42.9,5.2,0.921,973,1.4,2.41,36.8,-5,-1,53,1,1,4,5,54.7,46.3,14,15,-1,10,4,13,5,0,0,0,0,0,0,0,0,0,0,0,0,0,0,0,0,0,0,0,0,0,0,8,6,0,0,5,1,-5,-3.5,6,0,0,0,0,12,145,115,55,30,22,0.4,39,3,106.9,0.14
590000,Oakville,ON,CAN,CAN,71,183,2011,209,L,Wilson,Scott,LW/C,PIT,78,8,18,0,7.8,32,10.95,72.2,7.8,0.916,994,2.53,2.46,50.7,1,0.07,215,13.9,8,10,18,27,25.6,167,171,-4,11,20,31,3.9,100,0.4,0,2,0,3,1,0,0,1,3,1,1,0,0,0,3,1,6,4,15,2,8,23,13,5,61,20,11,11.3,6,2,0,1,0,35,497,545,109,74,44,2,232,31.2,113.3,0.38
650000,St. Catharines,ON,CAN,CAN,74,203,2009,70,R,Beck,Taylor,LW,EDM/NYR,5,0,0,-3,-1.4,4,8.81,0,0,0.87,870,0,4.09,0,-3,-4.09,11,0.3,0,0,0,23.6,23.3,5,6,-1,2,1,0,0,0,2.6,0,0,0,0,0,0,0,0,0,0,0,0,0,0,0,0,0,0,1,0,1,1,1,0,1,0,-2,-1,2,0,0,0,0,3,21,20,10,2,3,-0.2,9,3,104.9,-0.18
2250000,Ostrava,,CZE,CZE,74,235,2004,180,R,Polak,Roman,D,TOR,75,4,7,10,-2.3,65,17.87,25,7.6,0.93,1006,1.97,2.46,44.4,-11,-0.49,162,2.7,2,5,7,56.5,49.4,232,123,109,49,16,133,8.6,0,0.1,0,0,0,2,1,0,0,0,0,0,4,0,0,0,0,0,0,5,2,0,26,23,0,0,13,6,-18,-13.5,20,3,0,0,1,55,676,647,236,231,90,3.2,433,12.4,117.8,0.16
600000,Faribault,MN,USA,USA,76,210,2009,114,L,Helgeson,Seth,D,N.J,9,1,0,2,0.4,15,13.47,25,8.3,0.934,1018,1.98,1.98,50,0,0,11,0.2,0,0,0,53,44.3,16,6,10,0,0,11,9.9,0,0,0,0,0,0,0,0,0,0,0,0,0,1,0,0,0,0,0,0,0,0,1,2,0,0,0,0,-3,-1.5,0,3,0,0,0,4,63,34,8,5,11,0.6,45,0,99.5,0.11
5000000,Vancouver,BC,CAN,CAN,73,215,2012,5,L,Rielly,Morgan,D,TOR,76,6,21,-20,2.6,21,22.06,39.7,7.9,0.903,982,2.44,3.41,41.7,-27,-0.97,,8.7,,14,,51.6,,46,112,-66,76,34,120,6.7,0,0,0,0,1,0,1,0,0,0,0,0,0,2,0,0,3,0,1,10,3,0,16,81,2,0,68,10,1,6.6,8,1,0,0,0,95,609,711,267,245,84,2.9,188,10,122.4,0.46
5250000,Wilcox,SK,CAN,CAN,70,188,2010,14,L,Schwartz,Jaden,LW/C,STL,78,19,36,14,8.7,18,18.89,65.5,10.2,0.914,1016,3.43,2.16,61.3,31,1.26,303,22,17,16,33,26.2,23.9,71,110,-39,29,59,43,3.7,47.9,9.4,13,38,1,3,4,2,0,0,3,0,0,0,4,0,12,2,4,3,16,4,18,18,19,2,102,9,0,2.5,9,0,0,0,0,53,367,479,141,167,65,6.4,132,14.4,109,0.81
925000,Calgary,AB,CAN,SWE,72,190,2014,8,R,Nylander,William,C/RW,TOR,81,22,39,-3,7.2,32,15.96,82.4,9.1,0.928,1019,3.44,2.04,62.7,30,1.39,361,19.7,6,21,27,31.8,29,25,,,30,59,16,1.5,40.2,10.4,9,25,0,1,2,1,0,0,1,0,1,6,1,0,13,0,5,13,8,1,11,77,12,2,94,6,-10,-6.6,16,0,0,0,0,44,418,585,210,189,75,6.8,73,5.3,121.6,0.75
1600000,Plzen,,CZE,CZE,79,220,,,R,Sustr,Andrej,D,T.B,80,3,11,-10,-4.8,43,17.58,35,6.5,0.917,982,1.71,2.78,38.1,-25,-1.07,164,3.4,2,6,8,49.3,46.1,45,103,-58,49,18,102,7.2,0,0.1,0,0,0,0,1,0,0,0,0,0,0,0,0,0,3,0,2,3,2,0,24,10,2,1,54,3,-17,-12.9,19,1,0,0,0,65,515,536,208,140,87,2.5,191,3.3,108,0.18
717500,Colorado Springs,CO,USA,USA,77,203,2015,37,R,Carlo,Brandon,D,BOS,82,6,10,9,5.3,59,20.75,22.2,8.5,0.908,993,2.54,2.89,46.8,-10,-0.35,179,3.8,3,4,7,54.5,45.3,87,145,-58,42,21,115,7,0,0,0,0,0,2,0,0,0,0,1,0,3,1,0,0,1,0,1,4,2,0,30,17,0,0,39,5,-23,-12.9,27,1,0,0,0,82,611,655,268,226,117,5.2,262,4,110.4,0.3
925000,Havirov,,CZE,CZE,72,181,2014,25,R,Pastrnak,David,RW/LW,BOS,75,34,36,11,14.8,34,17.92,71.4,10.8,0.91,1018,4.38,2.1,67.6,51,2.28,465,24.9,12,20,32,34.4,30.5,72,,,65,50,32,3.2,66.7,0.2,1,1,2,5,6,3,0,0,3,0,6,8,2,0,15,0,4,7,26,2,55,50,11,0,117,36,19,16.5,17,0,0,0,0,47,364,518,243,177,74,10.3,138,7.2,120,1.19
900000,St. Albert,AB,CAN,CAN,71,191,2016,10,L,Jost,Tyson,C/LW/RW,COL,6,1,0,-5,-1.5,0,15.68,50,4.2,0.846,888,1.28,5.1,20,-6,-3.83,15,0.9,1,0,1,27.9,27.8,3,7,-4,1,3,3,3.2,40,87.5,9,8,0,0,0,0,0,0,0,0,0,0,0,0,1,0,0,0,2,0,1,2,0,0,4,2,2,2.1,0,0,0,0,0,8,35,17,5,11,3,-0.1,6,0,118,0.1
3750000,Sherbrooke,QC,CAN,CAN,72,200,2007,26,R,Perron,David,LW/RW,STL,82,18,28,-2,5.1,54,17.29,64.8,10.3,0.911,1014,3.01,2.2,57.7,19,0.81,260,15.7,10,11,21,28.1,26.3,87,109,-22,21,48,28,2.5,48.5,5,6,21,1,5,3,2,0,0,3,0,0,1,3,1,10,0,3,3,17,3,14,10,8,2,97,26,-1,0,27,0,0,0,0,52,426,490,115,164,81,4.7,169,5,101.3,0.55
792500,Boden,,SWE,SWE,75,209,2012,81,R,Sundqvist,Oskar,C,PIT,10,0,0,-4,-1.7,2,9.17,0,5.9,0.844,903,1.31,4.59,22.2,-5,-3.28,10,0.6,0,0,0,31.9,31.5,13,15,-2,2,1,2,2.1,36.4,62.9,5,4,0,0,0,0,0,0,0,0,0,0,0,0,0,0,0,0,2,1,0,1,0,0,5,1,0,0,1,0,0,0,0,7,64,47,15,4,3,-0.4,17,14,110.1,-0.09
600000,Merrimack,NH,USA,USA,74,219,,,L,Schaller,Tim,C,BOS,59,7,7,-6,0.7,23,12.27,66.7,6.3,0.923,986,1.74,2.24,43.8,-6,-0.5,157,9.2,7,8,15,27,24.2,73,78,-5,18,19,38,5.6,49.1,8.9,7,13,0,3,2,0,0,0,2,0,0,3,0,0,2,0,2,5,10,2,4,12,7,8,46,8,-2,-5.8,9,1,0,0,0,27,294,325,80,86,42,1.1,135,10.2,109.9,0.28
6000000,Saskatoon,SK,CAN,CAN,73,195,2009,5,L,Schenn,Brayden,C/LW,PHI,79,25,30,-13,0.8,38,17.76,62.5,9.7,0.911,1008,3.78,2.32,62,34,1.46,317,27.2,30,12,42,26,23.3,189,109,80,36,18,42,3.6,47,33.7,60,99,2,2,7,0,0,0,3,1,3,6,5,0,7,1,3,5,15,8,16,50,28,1,60,17,1,-0.5,14,2,0,0,0,54,627,538,221,103,75,6.2,271,14.8,124.9,0.62
5500000,South St.Paul,MN,USA,USA,72,215,2010,37,R,Faulk,Justin,D,CAR,75,17,20,-18,2.4,32,23,52.9,7.4,0.91,984,2.46,2.39,50.7,2,0.07,442,12.1,6,11,17,48.9,45,117,67,50,45,52,84,6.1,0,0,0,0,0,2,2,0,0,0,0,0,2,7,0,0,8,1,5,7,1,1,80,73,0,0,70,13,-2,4.5,15,0,0,0,0,68,569,530,290,285,72,6.6,233,11.3,112.1,0.63
724500,Toronto,ON,CAN,CAN,72,192,2011,65,L,Cramarossa,Joseph,C/LW,ANA/VAN,59,4,6,0,-8.2,60,9.94,66.7,7.5,0.94,1015,1.54,1.84,45.5,-3,-0.31,63,4,3,3,6,27.7,26.1,133,46,87,15,8,23,4,85.7,1.4,2,1,0,3,1,0,0,0,1,1,0,0,1,1,0,2,1,1,2,2,2,1,1,1,27,12,-2,1,5,8,0,0,1,18,395,219,85,42,45,0.6,224,28.2,96.9,0.04
725000,Sherwood Park,AB,CAN,CAN,72,188,,,L,Carr,Daniel,LW,MTL,33,2,7,4,-0.4,6,10.24,69.2,8,0.943,1023,2.31,1.42,61.9,5,0.89,73,6,8,7,15,25.8,22.1,19,58,-39,6,7,12,4.5,66.7,1,0,1,0,0,1,0,0,0,0,0,1,0,1,0,0,0,0,2,4,1,2,5,5,4,23,6,3,1.1,3,0,0,0,0,8,146,196,55,34,18,0.8,37,8.7,99.2,0.34
4000000,Prague,,CZE,CZE,72,204,2010,66,R,Gudas,Radko,D,PHI,67,6,17,8,5.1,93,19.28,42.6,8.9,0.904,993,2.51,2.65,48.6,-3,-0.14,299,4.8,9,14,23,61.9,51.4,280,135,145,40,18,124,10.2,0,0,0,0,0,0,0,1,0,0,0,0,1,0,1,0,4,1,0,12,1,0,42,19,1,0,50,22,-12,-3.3,29,3,0,2,0,57,751,604,159,118,87,5.5,500,10.3,113,0.55
800000,Rimouski,QC,CAN,CAN,70,206,2009,132,L,Bourque,Gabriel,LW/RW,COL,6,0,0,0,-1.1,0,11.2,0,4.8,0.878,926,0.89,4.46,16.7,-4,-3.57,9,0.5,1,2,3,32,30.5,17,4,13,0,1,6,7.4,0,1.7,0,0,0,0,0,0,0,0,0,0,0,0,0,0,0,0,0,0,0,0,1,0,0,0,3,0,0,0,0,0,0,0,0,5,45,26,5,8,4,-0.1,23,0,105.3,-0.06
4250000,Bern,,CHE,CHE,73,201,2008,38,L,Josi,Roman,D,NSH,72,12,37,7,4.5,18,25.01,49,10,0.907,1007,3.35,2.71,55.2,19,0.64,410,10.1,6,11,17,45,44.5,54,88,-34,41,16,119,7.4,0,0,0,0,0,0,1,0,0,0,1,0,6,2,0,0,3,1,1,11,14,1,79,27,2,0,95,14,5,12.4,9,0,0,0,0,81,525,512,256,207,95,8.7,191,7.8,116.9,0.89
742500,Denver,CO,USA,USA,74,205,2012,120,L,Slavin,Jaccob,D,CAR,82,5,29,23,10.7,12,23.26,40.5,9.5,0.912,1007,2.68,2.36,53.2,10,0.32,230,4.9,5,8,13,51.5,44.9,35,125,-90,53,80,159,9.6,0,0,0,0,0,2,0,0,0,0,1,0,2,0,0,0,2,0,2,4,9,0,42,18,0,0,30,4,-2,5.5,6,0,0,0,0,74,512,664,292,347,73,8.6,208,19.7,105.9,0.57
750000,Sterling Heights,MI,USA,USA,75,221,2008,128,R,Pateryn,Greg,D,DAL/MTL,36,1,8,-1,0.1,10,15.41,42.9,7.6,0.9,976,2.27,2.92,43.8,-6,-0.65,90,1.6,1,5,6,54.5,53.3,69,60,9,22,4,66,12.5,0,0,0,0,0,0,0,0,0,0,0,0,0,0,0,0,1,1,0,2,0,0,25,2,0,0,15,0,-5,-1.4,5,0,0,0,0,27,230,302,99,69,21,1.5,145,14.6,112.7,0.33
4500000,Tibro,,SWE,SWE,71,190,2005,216,R,Stralman,Anton,D,T.B,73,5,17,1,1.8,20,22.87,32.4,8.8,0.908,997,2.45,2.85,46.3,-11,-0.4,257,6.2,6,4,10,48.9,44,106,78,28,27,26,96,6.3,0,0,0,0,0,0,0,2,0,0,0,0,0,0,0,0,5,0,1,9,7,0,40,5,2,0,76,10,0,9.9,10,0,0,0,0,79,600,568,209,187,83,4.8,222,13.2,106.9,0.44
3000000,Skellefteë,,SWE,SWE,75,215,2011,4,R,Larsson,Adam,D,EDM,79,4,15,21,7.5,55,20.12,25,9.8,0.91,1008,2.87,2.83,50.3,1,0.04,202,3.2,5,10,15,52.2,48.8,253,145,108,71,28,160,10.1,0,0,0,0,0,0,0,0,0,0,0,0,1,0,0,0,3,0,1,1,0,0,30,17,0,0,38,8,-17,-6.8,24,1,0,0,0,75,731,597,304,200,91,5.5,469,11.7,112.9,0.32
630000,Huntsville,AL,USA,USA,74,196,2009,198,R,Dowd,Nic,C,L.A,70,6,16,-15,5.4,25,12.45,73.3,6.3,0.894,957,2.07,2.07,50,0,0,144,10.4,11,10,21,27.1,26.2,145,116,29,22,19,35,5.9,47.8,96.6,79,154,1,1,2,0,0,0,2,0,0,0,1,0,3,0,4,0,10,1,8,18,8,0,33,6,-5,-7.6,10,1,0,0,0,30,520,475,129,53,64,1.3,206,16.4,105.7,0.42
2200000,Roubaix,,FRA,FRA,72,200,,,L,Roussel,Antoine,LW,DAL,60,12,15,1,5.8,115,15.51,61.4,9.8,0.889,987,2.84,3.29,46.3,-7,-0.45,162,10.3,4,1,5,27.9,24.1,69,101,-32,37,16,45,5,43.8,1.5,2,4,0,0,3,1,0,0,2,0,0,1,2,0,7,1,0,4,11,1,4,10,5,4,47,24,-12,-7.3,25,9,0,1,1,51,287,342,142,92,73,2.7,238,3.4,116.4,0.55
650000,Albany,NY,USA,USA,75,221,,,L,Lashoff,Brian,D,DET,5,0,0,-3,0.7,0,12.5,0,3.7,0.818,855,0.96,3.85,20,-3,-2.89,5,0.1,0,0,0,48,46.4,8,7,1,1,0,4,10,0,0,0,0,0,0,0,0,0,0,0,0,0,0,0,0,0,0,0,0,0,0,1,0,0,0,0,0,0,0.3,0,0,0,0,0,4,20,28,4,2,1,-0.2,12,0,88.5,0.1
1300000,Ottawa,ON,CAN,CAN,69,160,2007,179,L,Byron,Paul,LW/C/RW,MTL,81,22,21,21,11.3,29,15.06,71.7,10.5,0.923,1027,2.95,2.26,56.6,14,0.69,158,14.5,14,12,26,21,20.1,119,91,28,22,40,34,3.1,66.7,1.1,1,5,1,5,6,1,0,0,6,2,0,3,2,0,9,2,2,5,21,4,2,6,14,1,48,21,8,7.2,12,1,0,0,0,46,441,524,231,146,61,6,183,13.3,108.7,0.63
925000,Stockholm,,SWE,SWE,74,196,2013,14,L,Wennberg,Alex,C,CBJ,80,13,46,9,3.6,21,18.37,68.6,10.4,0.929,1033,3.51,1.8,66.2,42,1.72,186,10.7,10,11,21,30.8,28.8,58,81,-23,31,44,56,4.8,47.4,86.4,148,250,0,4,5,0,0,0,2,1,1,0,2,0,7,1,0,1,7,1,6,24,4,0,67,15,6,7.4,8,1,0,0,0,44,342,361,162,178,47,5.9,136,12.8,108,0.68
700000,Munich,,DEU,DEU,75,215,2006,111,R,Holzer,Korbinian,D,ANA,32,2,5,0,-2.9,23,13.5,46.7,9.8,0.918,1016,2.09,2.65,44.1,-4,-0.56,36,0.9,1,1,2,45.4,43.6,71,48,23,11,3,34,7.8,0,0,0,0,0,0,0,0,0,0,0,0,0,0,0,0,2,0,0,0,0,0,2,1,0,0,11,2,-8,-3,9,1,0,0,0,19,301,213,77,29,36,1.5,129,8.2,99.7,-0.01
1200000,Kosice,,SVK,SVK,76,210,2010,46,L,Marincin,Martin,D,TOR,25,1,6,3,-0.2,16,18.04,35,10,0.92,1020,2.66,2.93,47.6,-2,-0.27,67,1.2,1,0,1,55.2,44,25,28,-3,15,7,27,5.3,0,0,0,0,0,0,0,0,0,0,0,0,1,0,0,0,0,0,0,2,1,0,11,1,0,0,9,7,-1,0.9,8,0,0,0,0,22,196,196,63,70,30,1.4,68,4,122,0.32
925000,Yaroslavl,,RUS,RUS,73,201,2015,7,L,Provorov,Ivan,D,PHI,82,6,24,-7,-1.1,34,21.93,52.6,7.1,0.905,976,1.91,2.65,41.9,-22,-0.74,332,7.1,1,8,9,52.8,45.7,111,141,-30,81,23,166,9.8,0,0,0,0,0,2,1,0,0,0,0,0,1,0,0,0,5,2,2,3,5,0,33,39,1,0,83,9,-6,-1.4,15,0,0,0,0,79,603,719,263,154,100,5.7,311,8.9,107.3,0.43
925000,Mt. Brydges,ON,CAN,CAN,76,220,2015,11,L,Crouse,Lawson,LW,ARI,72,5,7,-20,-8.7,48,11.88,66.7,5,0.892,943,1.26,3.93,24.3,-38,-2.67,155,8.2,8,11,19,30.2,29.2,160,45,115,5,14,29,3,50,0.2,0,1,0,1,2,0,0,0,1,0,0,0,1,2,1,0,2,3,13,0,12,6,4,3,46,11,-7,-7.2,14,4,0,0,0,56,546,303,83,73,51,-0.3,241,12.4,114.9,0.07
6000000,Thunder Bay,ON,CAN,CAN,76,220,2006,2,L,Staal,Jordan,C/LW,CAR,75,16,29,-1,10.5,38,18.58,64.3,8.9,0.909,998,3.04,2.35,56.5,16,0.7,269,23.2,21,17,38,24,21,139,115,22,39,55,28,2.6,59.1,79.2,231,221,0,4,3,0,0,0,0,1,0,5,1,1,8,0,3,4,13,2,0,50,15,4,80,20,4,4.9,14,2,0,0,0,54,461,490,195,229,54,4.6,208,13.9,111.3,0.79
950000,Unity,SK,CAN,CAN,72,200,2002,17,R,Gordon,Boyd,C/RW,PHI,13,1,0,-5,-1.1,2,8.18,100,2.8,0.789,817,0.57,6.78,7.7,-11,-6.22,13,0.6,2,0,2,22.1,23.3,4,10,-6,0,2,7,5.5,55.8,76.8,17,17,0,1,0,0,0,0,0,0,0,0,0,0,1,0,0,0,3,0,0,2,0,0,3,0,-1,0,1,0,0,0,0,12,53,49,14,6,3,-0.2,13,6,111.9,0.01
2500000,Boden,,SWE,SWE,73,192,2013,5,R,Lindholm,Elias,C/RW,CAR,72,11,34,-2,2.8,16,18.09,69.2,9.6,0.899,995,3.02,2.56,54.2,10,0.47,268,19.2,16,9,25,27.3,24.8,99,98,0,36,54,43,4,55.6,49.9,122,145,0,3,0,1,0,0,0,0,0,4,0,0,7,0,0,5,7,5,7,49,13,0,70,15,7,5.8,8,0,0,0,0,55,382,437,202,228,56,4.1,158,19.5,114.1,0.7
1050000,Pori,,FIN,FIN,72,193,2009,182,L,Haula,Erik,C/LW,MIN,72,15,11,5,8.1,28,13.81,61.9,8.2,0.919,1001,2.53,2.41,51.2,2,0.12,210,11.4,10,14,24,33.6,29.8,39,68,-29,18,24,38,4.1,53.9,76.3,115,119,0,3,4,0,0,0,2,1,1,1,1,0,9,0,0,1,13,3,19,10,3,3,83,9,-1,-0.9,9,0,0,1,0,40,298,349,106,106,50,2.8,105,7,109.3,0.47
792500,Molnlycke,,SWE,SWE,72,201,2013,180,L,Blidh,Anton,LW,BOS,19,1,1,-2,5.3,7,8.78,66.7,3.4,0.922,956,1.08,1.8,37.5,-2,-0.72,47,2.8,3,3,6,31.7,30.9,41,16,25,4,4,4,3,0,0,0,0,0,0,0,0,0,0,0,0,0,0,1,0,0,0,0,2,2,0,1,4,5,0,14,5,3,2,1,1,0,0,0,5,107,100,15,27,12,0,53,45,108.1,0.3
600000,Bayport,NY,USA,USA,71,197,,,R,Cannone,Patrick,C,MIN,3,0,0,0,0.1,0,7.88,0,10,0.917,1017,2.54,2.54,50,0,0,3,0.2,0,0,0,19,18.4,2,4,-2,2,1,1,3.7,52.4,100,2,5,0,0,0,0,0,0,0,0,0,0,0,0,0,0,0,0,0,0,0,0,2,0,0,0,0,0,0,0,0,0,0,1,17,10,5,2,1,0,3,0,104,-0.15
4750000,Malm_,,SWE,SWE,75,210,2004,49,L,Soderberg,Carl,C/LW,COL,80,6,8,-26,-13.1,22,13.44,48.3,6.2,0.894,957,1.62,3.3,33,-30,-1.68,210,10.2,7,9,16,32.5,30.4,34,77,-43,19,30,42,4.3,52,72.6,131,101,0,0,0,0,0,0,0,0,1,2,0,0,3,0,2,5,16,0,2,8,7,1,94,17,6,5,11,0,0,0,0,59,398,343,114,110,78,-0.4,98,5.8,103.8,0.15
925000,Edmonton,AB,CAN,CAN,74,194,2011,92,L,Simpson,Dillon,D,EDM,3,0,0,0,0,2,10.88,0,7.7,0.917,994,1.84,1.84,50,0,0,5,0.1,0,0,0,50,50.7,3,3,0,1,0,2,7.4,0,0,0,0,0,0,0,0,0,0,0,0,0,0,0,0,0,0,0,0,0,0,0,0,0,0,2,0,-1,-0.8,1,0,0,0,0,1,22,24,5,4,2,0,7,3,95.5,0
6000000,Mississauga,ON,CAN,CAN,73,211,2009,1,L,Tavares,John,C,NYI,77,28,38,4,9.9,38,20.41,68.8,10.1,0.9,1002,3.67,2.75,57.1,24,0.92,471,29,20,29,49,27,24.8,42,68,-26,81,63,20,1.5,50.6,99,197,415,1,5,3,4,0,1,1,1,1,8,1,0,16,4,5,13,23,5,15,48,20,2,147,31,12,11.7,19,0,0,0,0,72,462,471,280,201,76,7.8,100,5.5,120.2,0.99
925000,Calgary,AB,CAN,CAN,73,180,2016,8,R,Nylander,Alex,RW/LW,BUF,4,0,1,-2,-1.4,0,12.36,100,4,0.921,961,1.21,3.62,25,-2,-2.41,8,0.2,0,0,0,38.3,38.2,1,1,0,3,3,2,4,0,4.2,0,0,0,0,0,0,0,0,0,0,0,0,0,0,0,0,0,0,0,0,0,0,0,0,4,0,0,0,0,0,0,0,0,3,21,11,6,6,3,0,3,0,118.3,0.23
767500,Cornwall,ON,CAN,CAN,73,210,2013,40,L,Elie,Remi,LW,DAL,18,1,6,5,1,8,15.62,70,8.5,0.945,1030,2.14,1.49,58.8,3,0.64,40,2.1,1,3,4,23.6,25.2,30,26,4,13,12,11,3.9,100,0.3,1,0,0,0,0,0,0,0,0,0,0,0,0,0,1,0,1,0,0,0,1,4,1,0,9,0,-4,-2.1,4,0,0,0,0,7,101,97,46,36,15,0.6,49,10.5,109.3,0.28
3500000,Riverside,CT,USA,USA,68,182,2008,157,R,Atkinson,Cam,RW,CBJ,82,35,27,13,-2.3,22,18.05,69.7,11,0.937,1047,3.62,1.99,64.5,40,1.63,400,25.3,19,15,34,29.2,27,33,41,-8,21,36,34,2.3,66.7,0.2,2,0,3,8,9,2,0,1,1,0,3,13,2,0,16,0,2,4,25,3,21,68,6,3,114,9,-2,0.3,11,0,0,0,0,49,542,348,138,147,71,8.9,89,6.3,120.5,0.75
4500000,Eden Prairie,MN,USA,USA,72,199,2009,16,L,Leddy,Nick,D,NYI,81,11,35,-3,-13.7,12,22.7,49.5,9.3,0.92,1013,3.04,2.52,54.7,16,0.52,288,8.3,5,13,18,45.4,42.5,77,68,9,48,26,109,6.4,0,0,0,0,0,2,1,0,0,0,0,0,6,0,0,0,5,1,2,8,9,0,56,17,1,0,54,7,1,10.3,6,0,0,0,0,77,671,506,317,221,76,7,198,17.2,115.5,0.49
750000,Churchill,MB,CAN,CAN,69,195,2001,98,R,Tootoo,Jordin,RW,CHI,50,2,1,-6,0.5,28,6.75,60,3.2,0.932,964,0.89,1.96,31.3,-6,-1.07,81,4.2,3,2,5,26.2,25.9,52,24,28,9,9,8,2.5,100,0.3,0,0,0,0,0,0,0,0,0,0,0,0,0,0,2,0,0,4,2,0,4,10,1,0,26,8,0,-1,4,4,0,0,0,11,165,188,62,42,17,-0.3,92,15.3,111.2,0.08
3100000,Caroline,AB,CAN,CAN,70,170,2005,67,L,Russell,Kris,D,EDM,68,1,12,5,-2.9,23,21.2,28.9,7.5,0.928,1002,1.88,2.17,46.4,-7,-0.29,165,3.5,3,11,14,48.1,45.4,67,107,-40,60,36,213,13.9,0,0,0,0,0,0,1,0,0,0,0,0,1,0,0,0,0,0,3,3,1,0,21,18,0,0,28,12,2,8.4,9,1,0,0,0,52,461,502,265,207,74,3.1,304,11.4,110.4,0.25
2350000,Regina,SK,CAN,CAN,72,183,2012,7,R,Dumba,Matt,D,MIN,76,11,23,15,5.1,59,20.3,38.2,11.2,0.92,1033,3.47,2.26,60.5,31,1.21,292,7.9,7,10,17,44.5,41.9,96,91,5,43,18,71,5.3,0,0,0,0,1,2,1,0,0,0,1,0,3,1,0,0,6,0,2,6,4,0,55,22,0,0,50,12,-12,3.7,22,1,0,0,1,58,416,520,168,148,92,6.9,227,5.2,108.9,0.43
750000,Bellmawr,NJ,USA,USA,78,232,,,R,Robinson,Buddy,RW,OTT,4,0,0,0,0.1,2,6.95,0,0,1,1000,0,0,0,0,0,5,0.6,1,0,1,12,13.8,9,4,5,1,1,0,0,0,0,0,0,0,0,0,0,0,0,0,0,0,0,0,0,0,0,0,0,0,0,0,0,1,1,2,0,-1,-1,1,0,0,0,0,0,30,22,2,3,6,0,11,10,84.2,-0.08
700000,Madison,WI,USA,USA,73,216,2005,7,R,Skille,Jack,RW,VAN,55,5,4,0,-2.1,12,8.8,69.2,5.9,0.946,1006,1.61,1.61,50,0,0,121,6.7,1,10,11,29.3,24.9,74,54,20,9,14,24,5.5,100,0.5,0,1,0,1,0,0,0,0,0,0,0,1,0,0,4,0,3,4,8,2,6,4,0,0,53,6,0,0.1,6,0,0,0,0,13,261,228,54,53,30,0.9,110,14.7,105.1,0.22
6750000,Toronto,ON,CAN,CAN,72,198,,,L,Giordano,Mark,D,CGY,81,12,27,22,8.1,59,23.53,39,10.2,0.911,1013,3.16,2.4,56.8,24,0.76,373,7.8,5,8,13,50,45.1,78,94,-16,43,45,184,10.8,0,0,0,0,1,1,4,1,0,0,0,0,2,0,0,0,10,0,1,11,4,0,42,14,0,0,91,14,-14,1.3,27,1,0,0,0,76,484,405,288,245,130,9.4,322,4.6,111.8,0.7
600000,Oviedo,FL,USA,USA,72,195,,,R,Carpenter,Ryan,C,S.J,11,2,2,5,0.4,4,10.38,66.7,9.7,0.962,1059,3.15,1.05,75,4,2.1,23,1.3,1,2,3,28.4,16.7,15,17,-2,3,1,2,2,45.3,90.4,13,13,0,1,0,0,0,0,0,0,1,0,0,0,1,0,0,0,2,0,2,1,1,1,13,2,0,0,2,0,0,0,0,2,54,65,18,14,8,0.7,21,8,110.4,0.56
650000,Saskatoon,SK,CAN,CAN,74,191,2014,101,R,Nogier,Nelson,D,WPG,10,0,0,-1,0.1,5,11.28,0,5.6,0.941,997,1.73,2.31,42.9,-1,-0.58,16,0.3,0,2,2,42.1,46.7,12,6,5,6,0,5,4.6,0,0,0,0,0,0,0,0,0,0,0,0,0,0,0,0,0,1,0,0,0,0,6,1,0,0,1,1,0,1.5,0,1,0,0,0,4,65,30,18,7,6,-0.1,23,0,113,-0.02
2600000,Laval,QC,CAN,CAN,76,218,2009,30,L,Despres,Simon,D,ANA,1,0,0,0,0,0,16.13,0,0,1,1000,0,0,0,0,0,2,0,0,0,0,57,54.8,1,1,0,0,0,1,7.1,0,0,0,0,0,0,0,0,0,0,0,0,0,0,0,0,0,0,0,0,0,0,0,0,0,0,1,0,0,0.1,0,0,0,0,0,0,3,4,1,0,1,0,2,0,93.1,-0.23
667500,Brooklyn,NY,USA,USA,71,185,2014,171,R,Labanc,Kevin,RW,S.J,55,8,12,9,-1.1,22,13.68,57.1,9.5,0.935,1029,2.79,1.68,62.5,14,1.12,149,9.2,10,11,21,27.5,24.2,19,62,-43,27,16,14,2.1,50,0.6,0,1,1,2,2,0,0,0,0,0,1,2,0,0,5,0,1,8,4,5,10,12,1,2,36,7,-4,-5.2,11,0,0,0,0,21,239,282,165,97,41,2.3,55,3.2,113.4,0.36
925000,Richmond,BC,CAN,CAN,70,190,,,R,Stecher,Troy,D,VAN,71,3,21,-16,-11.5,25,19.94,38.1,8.5,0.915,999,2.68,2.55,51.2,3,0.13,307,5.8,5,6,11,50.8,46.8,51,128,-77,33,26,66,5.7,0,0,0,0,0,0,0,0,0,0,0,0,1,0,0,0,2,0,1,7,3,0,42,12,1,0,67,13,2,9.3,10,1,0,0,0,60,374,502,147,136,72,3.7,143,7.7,108.7,0.32
2100000,Meadow Lake,SK,CAN,CAN,76,229,2007,109,L,King,Dwight,LW/RW,L.A/MTL,80,9,7,-2,-3,12,14.4,50,6.3,0.927,990,1.67,2.08,44.4,-8,-0.42,176,10.5,8,7,15,30.8,26.1,120,105,15,18,15,28,2.7,25,1.6,0,3,0,1,1,0,0,0,3,0,0,0,2,1,3,0,4,3,15,2,6,15,10,3,59,3,-3,-1,6,0,0,0,0,40,568,538,190,59,62,1.1,160,22.5,104.9,0.26
7000000,Ann Arbor,MI,USA,USA,75,204,2006,45,R,Petry,Jeff,D,MTL,80,8,20,3,10.3,22,22.1,35.4,8.7,0.915,1001,2.69,2.48,52,6,0.2,361,8.5,6,23,29,50.2,44.8,171,156,15,102,19,145,9.5,0,0,0,0,0,1,1,0,0,0,0,0,3,0,2,0,3,0,3,7,5,0,70,21,5,0,71,7,-4,4,11,0,0,0,0,73,629,798,299,223,95,6,338,17.3,112.6,0.63
667500,Pittsburgh,PA,USA,USA,72,193,2012,167,R,Barber,Riley,RW,WSH,3,0,0,0,0.3,0,8.58,0,0,1,1000,0,0,0,0,0,3,0.1,0,0,0,25.5,26,1,4,-3,0,0,0,0,0,0,0,0,0,0,0,0,0,0,0,0,0,0,0,0,0,0,0,0,1,0,0,0,0,0,1,0,0,0,0,0,0,0,0,0,10,15,5,2,1,0,1,0,102.5,-0.12
5000000,Whitby,ON,CAN,CAN,74,221,2005,33,L,Neal,James,RW/LW,NSH,70,23,18,-10,2.5,35,17.66,67.2,8.7,0.916,1003,2.98,2.15,58.1,17,0.83,337,21.2,16,16,32,28.3,26.1,84,53,31,30,40,18,1.9,50,0.5,1,1,1,4,5,1,0,0,0,1,2,6,1,0,13,0,1,9,14,5,15,31,8,0,129,16,0,0.2,15,1,0,0,0,44,371,373,191,130,72,4.6,138,8.3,112.2,0.7
3900000,Rochester Hills,MI,USA,USA,73,212,2007,95,L,Martinez,Alec,D,L.A,82,9,30,-17,4,24,21.62,50.6,8.3,0.891,974,2.61,2.81,48.1,-6,-0.2,333,8.7,14,18,32,45.8,44.8,137,147,-10,51,5,167,10.9,0,0.1,0,0,2,1,3,0,0,0,0,0,1,1,0,0,7,1,1,5,9,2,49,21,0,1,62,5,-7,4.1,12,0,0,0,0,83,796,752,256,97,96,6.8,328,11.8,112.6,0.63
625000,Brandon,MB,CAN,CAN,72,202,2012,58,L,Martinook,Jordan,LW/C,ARI,77,11,14,-8,-10.6,40,15.68,56.8,8.3,0.905,988,2.19,3.33,39.6,-23,-1.14,199,12.4,11,10,21,27.2,25.5,50,81,-31,21,40,68,5.1,44.4,77.8,227,98,0,3,2,1,0,0,0,0,0,4,1,0,6,2,1,7,17,0,3,15,7,5,62,11,-9,-5.9,20,0,0,0,0,67,483,373,136,106,66,1.7,158,4.5,114.2,0.25
2750000,Ilava,,SVK,SVK,70,185,2009,60,L,Tatar,Tomas,LW/C/RW,DET,82,25,21,-8,3.1,26,17.19,65.7,10.1,0.888,988,3.01,2.79,51.9,5,0.21,317,20.7,15,15,30,26.8,24.6,92,95,-6,38,34,24,2.3,61.5,0.9,1,5,0,1,5,0,0,0,1,1,0,5,0,0,18,1,6,5,9,5,16,39,6,1,90,17,4,1.3,13,0,0,0,0,65,399,439,193,128,77,5.4,142,9.7,100.9,0.59
3400000,Chelyabinsk,,RUS,RUS,74,192,2010,26,L,Kuznetsov,Evgeny,C/LW,WSH,82,19,40,18,5.8,46,16.93,72,10.8,0.926,1034,3.55,1.95,64.6,37,1.6,325,18.1,9,14,23,26.7,26.7,57,59,-2,59,43,18,1.6,44,85.3,102,172,0,3,4,1,0,0,2,1,0,5,1,0,10,1,3,9,12,3,12,32,5,1,105,22,-1,0.1,23,0,0,0,0,45,398,455,251,183,71,6.7,121,4.3,110.2,0.72
842500,Edmonton,AB,CAN,CAN,73,195,2014,30,L,Quenneville,John,C,N.J,12,1,3,1,-0.9,2,13.31,66.7,8.6,0.966,1052,2.4,0.8,75,4,1.6,30,1.5,0,0,0,34.2,32.8,15,12,3,3,4,6,5.6,0,0,0,0,0,1,0,0,0,0,0,0,0,1,0,0,0,0,0,1,0,0,3,9,1,0,8,2,1,0.2,1,0,0,0,0,2,60,59,20,17,8,0.4,24,19,91.4,0.3
5500000,San Francisco,CA,USA,USA,75,219,2000,18,L,Orpik,Brooks,D,WSH,79,0,14,32,7.1,48,17.77,23,9.3,0.925,1019,2.61,2.18,54.5,10,0.43,181,3.1,5,15,20,58.2,52.3,181,129,52,36,12,132,10.2,0,0,0,0,0,0,0,0,0,0,0,0,0,0,0,0,0,0,0,3,0,0,36,9,0,0,48,9,-11,-3.1,18,2,0,0,0,51,578,599,215,185,97,5,363,10.7,106.2,0.37
575000,Saint-Narcisse,QC,CAN,CAN,69,172,,,L,Gourde,Yanni,C,T.B,20,6,2,-1,2.8,8,15.35,72.7,6.7,0.908,976,2.15,2.54,45.8,-2,-0.39,54,3.7,5,2,7,27.1,29.5,11,36,-25,4,12,3,1.3,36.8,62.9,18,16,1,1,1,0,0,0,0,0,0,0,1,0,5,0,0,3,2,0,0,5,1,0,22,7,3,-2.8,4,0,0,0,0,13,105,126,36,33,15,1,22,5.8,105.5,0.56
5500000,Muskegon,MI,USA,USA,74,218,2005,42,L,Abdelkader,Justin,LW/RW,DET,64,7,14,-20,-3.7,50,16.52,61.8,6.8,0.909,977,1.96,2.59,43,-11,-0.63,158,13,7,10,17,26.8,25,144,74,66,18,14,25,2.8,29.4,1.8,0,4,1,5,1,0,0,0,1,1,1,1,0,0,3,0,0,1,6,6,16,11,19,1,45,32,10,8.6,20,2,0,0,0,45,361,367,143,81,64,0.7,223,8,104.4,0.26
925000,SAUGUS,MA,USA,USA,70,194,,,R,Vecchione,Mike,C/RW,PHI,2,0,0,-1,-0.3,0,8.48,0,0,0.9,900,0,3.55,0,-1,-3.55,2,0.1,0,0,0,20,19.2,1,0,1,1,0,1,7.7,66.7,100,3,2,0,0,0,0,0,0,0,0,0,0,0,0,0,0,0,0,0,0,0,1,0,0,0,0,0,0,0,0,0,0,0,1,7,8,2,2,0,-0.1,2,0,106.6,0.11
5750000,Yaroslavl,,RUS,RUS,76,198,2006,54,L,Anisimov,Artem,C/LW,CHI,64,22,23,9,-2.7,30,17.83,66.2,11.8,0.92,1038,3.58,2.42,59.6,22,1.16,191,16,9,10,19,20.7,20.6,18,73,-55,16,35,27,2.8,45.1,88.1,86,179,1,4,7,1,0,0,1,1,0,2,5,0,13,0,2,7,17,1,1,10,14,2,60,9,-6,-0.2,15,0,0,0,0,46,151,401,163,129,60,5.6,75,3.5,110.1,0.61
715000,Lansing,MI,USA,USA,70,195,2011,99,L,Boucher,Reid,C/LW,N.J/NSH/VAN,39,6,4,-6,-5.3,8,11.79,58.8,7,0.918,988,2.23,2.5,47.2,-2,-0.26,112,6.7,4,3,7,33,31.8,20,27,-9,8,18,12,3,0,0.2,0,0,0,1,0,0,0,0,2,0,0,1,1,0,2,0,2,0,9,0,6,4,4,0,47,6,3,3.8,3,0,0,0,0,19,161,172,68,44,24,0.9,42,12.7,110.5,0.28
925000,Boca Raton,FL,USA,USA,75,200,2016,16,L,Chychrun,Jakob,D,ARI,68,7,13,-14,-11.3,47,16.65,52.6,7.6,0.913,989,2.02,2.87,41.3,-16,-0.85,197,4.8,9,5,14,44.1,41.9,109,98,11,45,12,99,8.3,0,0,0,0,0,0,0,0,0,0,0,0,1,0,0,0,6,1,0,5,6,0,16,1,0,4,59,6,-12,-4.6,16,1,0,1,0,54,547,406,148,93,60,3,256,7.6,113.3,0.18
3250000,Port McNeill,BC,CAN,CAN,76,216,2004,79,L,Stoner,Clayton,D,ANA,14,1,2,0,1.4,28,17.54,60,4.5,0.946,991,1.22,1.47,45.5,-1,-0.24,29,0.6,0,1,1,47.8,46.9,35,26,9,3,2,17,7.7,0,0,0,0,0,1,0,0,0,0,0,0,0,0,0,0,1,0,0,0,0,0,10,4,0,0,2,6,-1,0.1,4,2,0,1,0,6,129,85,20,27,16,0.7,82,9.3,102.5,0.31
925000,Windsor,ON,CAN,CAN,76,216,2014,1,R,Ekblad,Aaron,D,FLA,68,10,11,-23,-6.5,58,21.44,42,5.8,0.915,973,2.06,2.43,45.9,-9,-0.37,408,12.1,12,10,22,46.8,43.6,88,84,4,58,25,62,5.3,0,0,0,0,1,2,2,0,0,0,1,1,4,2,0,0,2,1,3,4,11,1,108,45,0,0,60,17,-12,-3.9,29,0,0,0,0,59,479,470,258,187,95,3.4,208,3.9,111.2,0.49
825000,Hinsdale,IL,USA,CAN,75,215,2011,160,R,Manson,Josh,D,ANA,82,5,12,14,13.1,82,18.62,28.8,8.5,0.92,1005,2.32,2.32,50,0,0,181,5.1,4,12,16,43.5,42.7,227,124,103,57,23,79,5.5,0,0,0,0,0,1,1,0,0,0,1,0,0,2,1,0,1,0,1,3,1,0,18,10,3,2,54,15,-17,-6.5,26,6,0,0,0,59,800,583,239,148,112,5.3,394,9.6,106.7,0.33
3575000,Vasteras,,SWE,SWE,73,199,2007,24,L,Backlund,Mikael,C,CGY,81,22,31,9,5.6,36,17.6,67.1,10.2,0.896,997,3.33,2.82,54.1,12,0.51,338,20.4,18,31,49,29.6,28.3,55,38,17,49,57,41,3.3,48.1,95.9,310,172,2,4,7,0,0,0,2,0,1,1,4,0,14,1,5,11,17,4,18,27,15,1,115,9,-5,-6.1,13,0,0,0,1,67,337,339,219,182,99,6.2,132,8.6,111.8,0.76
600000,Orland Park,IL,USA,USA,68,165,2011,66,R,Tynan,T.J.,C/RW,CBJ,3,0,0,-1,-0.1,0,7.48,0,0,0.929,929,0,2.67,0,-1,-2.67,7,0.2,1,0,1,23.3,27.6,1,1,0,0,0,1,4.8,0,0,0,0,0,0,0,0,0,0,0,0,0,0,0,0,0,0,0,0,0,0,0,1,0,0,2,0,0,0,0,0,0,0,0,1,3,10,1,1,1,-0.1,2,0,114.9,0.06
5850000,Anchorage,AK,USA,USA,74,218,2004,60,L,Dubinsky,Brandon,C/LW,CBJ,80,12,29,16,-2.8,91,17.89,63.1,9.2,0.924,1016,2.73,2.47,52.4,6,0.25,204,12.4,9,4,13,26.6,23.5,248,61,187,32,38,60,4,51.7,96.1,320,205,1,1,5,0,1,1,0,0,0,5,0,0,7,1,1,7,16,2,0,34,4,6,53,21,-9,-6.7,23,5,0,2,0,59,611,372,151,136,94,4.1,404,12.4,118.1,0.49
750000,Wheaton,IL,USA,USA,72,187,2011,204,L,Dzingel,Ryan,LW/RW/C,OTT,81,14,18,7,1.6,30,14.38,64,8.2,0.934,1016,2.58,1.96,56.8,12,0.62,203,15.5,15,6,21,23.1,22,71,82,-11,25,23,21,2,30,3,0,6,0,3,1,0,0,0,0,0,1,2,3,1,7,1,3,3,11,6,7,17,11,2,69,19,7,5.4,10,2,0,0,0,38,508,446,194,110,68,3.5,124,9.4,113.6,0.38
5000000,Trenton,MI,USA,USA,71,190,,,L,Greene,Andy,D,N.J,66,4,9,-16,-3,8,21.64,28.9,7.5,0.912,986,1.93,2.91,39.8,-23,-0.98,185,4.3,2,3,5,49.1,46.8,50,76,-26,35,23,121,8.7,0,0,0,0,1,0,1,1,1,1,0,0,1,0,0,0,3,0,1,1,2,0,28,18,1,0,34,6,2,5.3,4,0,0,0,0,68,389,441,164,142,85,2.6,183,19,105.3,0.23
660000,Winnipeg,MB,CAN,CAN,76,213,2014,73,R,Lernout,Brett,D,MTL,2,0,0,-1,0.4,0,18.99,0,5.6,0.857,913,1.58,3.16,33.3,-1,-1.58,4,0.1,0,0,0,67.7,65.5,8,6,2,0,0,3,12,0,0,0,0,0,0,0,0,0,0,0,0,0,0,0,0,0,0,0,0,0,0,2,0,0,0,1,0,0,0.2,0,0,0,0,0,2,22,18,6,3,0,0,11,0,80.6,0.14
3000000,Drummondville,QC,CAN,CAN,70,188,2006,177,L,Perreault,Mathieu,C/LW,WPG,65,13,32,-11,3.1,30,16.17,61.6,11.3,0.882,996,4.22,3.18,57,18,1.04,215,17.8,14,14,28,27.8,26.1,97,39,57,20,33,25,3.2,51.3,17.9,29,39,0,2,3,0,0,0,2,1,2,2,1,0,5,1,3,6,12,8,18,19,5,0,72,21,6,5,15,0,0,0,0,55,324,314,168,139,58,4,153,8.7,111,0.7
2500000,Kindersley,SK,CAN,CAN,72,192,2006,189,R,Dorsett,Derek,RW,VAN,14,1,3,-6,0.2,33,9.93,80,7.2,0.828,901,2.16,4.75,31.3,-6,-2.59,33,1.9,2,3,5,32.8,31.6,35,14,21,1,2,6,5.7,100,0.7,0,1,0,0,0,0,0,0,0,0,0,0,0,0,1,0,0,0,0,0,4,3,2,2,13,4,-4,2,4,3,0,1,0,11,83,60,19,13,11,0.1,77,9.3,95.4,0.35
800000,Burnaby,BC,CAN,CAN,77,202,2008,42,L,Wiercioch,Patrick,D,COL,57,4,8,-18,-12.8,23,16.68,57.1,5.2,0.917,969,1.33,2.71,32.8,-22,-1.39,137,2.4,0,3,3,48.7,46.6,52,52,0,15,6,57,6.4,0,0.1,0,0,0,1,0,0,0,0,2,0,1,0,0,1,0,0,2,6,4,0,26,6,0,2,25,5,-5,-2.3,9,1,0,0,0,43,330,291,113,106,47,1.5,133,6.4,104.9,0.11
925000,Madison,WI,USA,USA,72,177,2014,20,R,Schmaltz,Nick,C/LW,CHI,61,6,22,10,-4,6,13.26,75.7,9.2,0.943,1034,2.75,1.71,61.7,14,1.04,127,6.7,5,7,12,32.6,27.1,20,62,-42,22,46,27,3.9,30.9,35.9,8,44,0,3,0,0,0,0,0,0,0,1,0,0,5,0,0,0,3,2,7,6,9,0,39,6,3,3.9,3,0,0,0,0,23,148,361,135,119,39,2.7,53,22,106.8,0.42
13800000,Buffalo,NY,USA,USA,71,177,2007,1,L,Kane,Patrick,RW/C,CHI,82,34,55,11,-6.5,32,21.35,78.1,11.2,0.918,1030,3.92,2.31,63,47,1.62,491,23.1,7,21,28,27.7,26.4,28,130,-102,42,49,15,1.1,13.7,3.3,0,7,1,12,5,3,0,0,4,0,2,6,1,1,20,1,8,18,41,2,26,32,6,3,182,21,5,3.3,16,0,0,0,0,67,260,610,283,211,69,10.8,75,4.8,114,1.09
3500000,Toronto,ON,CAN,CAN,72,185,2009,69,L,Smith,Reilly,RW/C/LW,FLA,80,15,22,-13,-4.1,17,18.32,63.8,7.5,0.906,981,2.38,2.71,46.8,-8,-0.33,287,16.7,13,18,31,29.3,26.6,75,80,-5,39,49,34,2.8,50,0.4,1,2,0,3,3,0,0,1,3,0,2,2,4,0,4,1,0,9,15,2,35,25,13,1,69,9,2,0.2,6,1,0,0,0,66,395,389,247,178,70,3.1,127,20.7,109.3,0.53
7000000,London,ON,CAN,CAN,75,217,2003,11,R,Carter,Jeff,C/RW,L.A,82,32,34,2,2.4,41,18.02,77.6,9.7,0.9,997,3.45,2.6,57,21,0.85,468,25.2,16,26,42,31.3,28.8,86,64,22,46,24,37,3,51.9,84.7,231,286,4,4,9,2,0,0,1,1,0,8,4,0,18,1,3,6,26,1,12,50,16,2,143,12,-7,-4.4,18,1,0,0,0,64,573,506,233,84,67,9,165,6.1,119.5,0.93
6000000,Plover,WI,USA,USA,71,190,2003,205,R,Pavelski,Joe,C/RW,S.J,81,29,39,11,6.1,34,19.1,71.6,10.8,0.916,1024,3.69,2.06,64.2,42,1.63,414,30.4,23,14,37,25.9,23.7,130,70,60,83,33,73,5.7,52.5,51.7,133,186,0,5,7,3,0,1,2,1,3,3,7,0,13,1,7,11,23,18,36,19,25,5,107,23,8,5.1,15,0,0,0,0,53,427,461,363,210,76,8.7,237,10.9,120,0.92
925000,Scottsdale,AZ,USA,USA,74,202,2016,6,L,Tkachuk,Matthew,LW,CGY,76,13,35,14,7.1,105,14.65,69.6,10.3,0.914,1018,3.73,2,65.1,32,1.73,232,17.5,14,14,28,25.4,23.5,65,81,-16,27,40,22,2.6,34.8,2.1,3,2,0,0,2,1,0,0,2,0,0,0,6,0,5,1,5,5,15,2,4,9,20,1,91,47,8,-1,34,3,0,2,0,37,294,331,192,131,92,5.4,195,3.1,113.6,0.75
727500,St. Petersburg,,RUS,RUS,73,224,2013,37,R,Zykov,Valentin,LW,CAR,2,1,0,1,0.3,0,6.25,100,7.7,1,1077,4.8,0,100,1,4.8,4,0.9,3,0,3,12.3,11.8,0,1,-1,1,0,0,0,0,0,0,0,0,0,0,0,0,0,1,0,0,0,0,0,0,0,0,0,1,0,0,0,0,0,2,1,1,1,0,0,0,0,0,0,0,5,3,1,0,0.2,0,0,129.6,0.84
2500000,West Seneca,NY,USA,USA,71,195,2003,148,R,Stempniak,Lee,RW,CAR,82,16,24,2,0.8,32,15.76,60.6,10.3,0.913,1016,3.1,2.3,57.4,17,0.8,244,17.8,17,24,41,26.1,24.7,113,117,-5,48,57,16,1.5,37.5,0.7,0,3,0,1,2,1,0,0,1,2,0,5,0,0,8,0,5,5,15,4,6,39,5,0,62,14,-1,-9,15,0,0,0,0,49,350,488,230,207,59,4.3,161,11.3,109.3,0.44
1000000,Saskatoon,SK,CAN,CAN,74,229,2008,5,R,Schenn,Luke,D,ARI,78,1,7,-9,-19,85,18.04,20.5,6.7,0.924,991,1.67,2.73,37.9,-25,-1.07,213,3.2,4,4,8,56.5,52.1,286,108,178,31,11,134,8.1,0,0,0,0,0,1,0,0,0,0,0,0,0,0,0,0,1,0,0,1,0,0,32,8,1,0,53,10,-17,-5.9,20,5,0,2,0,64,715,468,157,134,83,1.7,510,14.9,118.1,0.02
700000,Toronto,ON,CAN,CAN,76,225,2007,172,L,Gazdic,Luke,LW,N.J,11,0,0,-2,-1.3,12,7.13,0,0,0.95,950,0,1.53,0,-2,-1.53,5,0.5,0,0,0,13,9.4,16,4,12,0,1,6,8,0,0,0,0,0,0,0,0,0,0,0,0,0,0,0,0,0,0,0,0,0,0,0,2,0,0,1,2,-1,-1,1,2,0,0,0,2,49,38,5,3,6,-0.2,36,17,82,-0.19
2350000,Villach,,AUT,AUT,72,200,,,L,Raffl,Michael,LW/C,PHI,52,8,3,-7,-2.3,20,13.27,57.9,5.5,0.92,974,1.65,2.26,42.2,-7,-0.61,112,8.8,10,5,15,21.7,20.7,91,111,-20,17,13,22,3.6,30,1.4,0,1,0,0,3,0,0,0,2,0,1,2,1,1,1,0,1,4,5,5,3,15,5,2,28,10,3,2,5,2,0,0,0,26,319,346,92,53,50,0.7,135,20.8,114.6,0.35
2750000,New Westminster,BC,CAN,CAN,76,230,,,L,Dillon,Brenden,D,S.J,81,2,8,-2,6.7,60,16.4,28.6,5.7,0.923,979,1.59,2.04,43.8,-10,-0.45,199,3.4,3,2,5,51.1,48.2,174,125,48,34,11,81,6.9,0,0,0,0,0,0,0,0,0,0,1,0,1,0,0,0,0,0,1,5,2,0,28,6,0,0,50,12,-12,-7.7,20,4,0,0,0,45,549,647,266,175,77,2.6,319,9.3,108.2,0.25
925000,Scottsdale,AZ,USA,USA,75,216,2016,1,L,Matthews,Auston,C,TOR,82,40,29,2,7.6,14,17.58,81.2,9.6,0.923,1018,3.54,2.21,61.6,32,1.33,474,34.1,23,35,58,25,23.7,21,,,44,74,61,4.8,46.8,84.1,95,243,1,14,8,1,0,0,5,0,0,10,6,0,19,0,6,15,36,1,6,98,17,10,111,22,16,11.5,6,0,0,0,0,53,381,661,228,208,79,9.7,96,16.2,122.4,0.95
7450000,London,ON,CAN,CAN,73,195,2008,2,R,Doughty,Drew,D,L.A,82,12,32,8,10.4,46,27.12,45.4,8.2,0.922,1005,2.62,1.97,57.1,24,0.65,365,9.7,7,12,19,48,44.6,129,130,-1,86,24,109,6.1,100,0,0,0,1,1,1,1,0,0,0,0,8,2,0,0,2,2,1,2,7,0,97,15,2,0,60,15,-8,1.7,23,0,0,0,0,73,926,794,321,144,111,10.5,284,6.7,110.6,0.79
5400000,Turku,,FIN,FIN,76,203,2013,8,R,Ristolainen,Rasmus,D,BUF,79,6,39,-9,-4.4,58,26.39,45,9.4,0.922,1016,2.89,2.89,50,0,0,359,9.1,10,9,19,52.9,46.3,195,135,60,59,25,161,7.1,0,0,0,0,2,1,2,0,0,0,1,0,2,1,1,0,1,0,2,2,8,1,63,20,2,3,89,12,-6,0.7,14,2,0,2,0,100,772,608,253,187,101,7.6,416,15.7,120.1,0.38
750000,Delta,BC,CAN,CAN,69,179,2013,43,L,Petan,Nic,LW/C,WPG,54,1,12,-13,-2.2,12,10.82,56.5,8.4,0.91,994,2.4,2.19,52.3,2,0.21,106,7.7,7,7,14,27.1,25.3,12,33,-21,18,16,10,2.4,46,67.1,39,47,0,0,0,0,0,0,0,0,0,1,0,0,0,2,0,3,3,0,6,10,3,1,34,4,-2,1.5,6,0,0,0,0,21,249,216,88,60,33,-0.1,34,4.7,99.6,0.18
575000,St. Louis,MO,USA,USA,76,224,2011,34,R,Mayfield,Scott,D,NYI,25,2,7,-1,-0.9,35,14.14,45,11,0.887,997,3.4,3.57,48.8,-1,-0.17,80,2,2,6,8,47.2,45.8,37,34,3,11,8,36,10.7,0,0,0,0,0,1,0,0,0,0,1,0,1,0,0,0,0,1,2,2,1,0,10,11,0,0,17,3,-6,-1.3,5,3,0,1,0,21,190,157,60,49,21,1.3,111,9,117,0.41
925000,Syracuse,NY,USA,USA,76,222,2014,18,R,Tuch,Alex,RW,MIN,6,0,0,-3,0.1,0,10.7,0,2.9,0.889,917,0.93,3.74,20,-3,-2.8,15,0.9,1,1,2,22.4,23.9,5,8,-3,0,2,7,10.9,0,0,0,0,0,0,0,0,0,0,0,0,0,0,0,0,0,0,1,0,0,0,1,0,0,0,7,0,0,0,0,0,0,0,0,4,19,33,8,5,1,-0.3,12,0,121.5,0.1
925000,Chicago,IL,USA,USA,74,193,2011,98,L,Reilly,Mike,D,MIN,17,1,0,1,1.7,2,12.38,11.1,7.3,0.923,996,2.57,2.28,52.9,1,0.29,47,0.9,2,1,3,50.6,40.3,2,21,-19,6,0,8,4.3,0,0,0,0,0,1,0,0,0,0,0,0,1,0,0,0,0,0,1,1,1,0,5,1,0,0,12,2,1,1.2,1,0,0,0,0,8,60,103,29,20,16,0.4,12,2,117.2,0.18
3000000,Pincourt,QC,CAN,CAN,73,197,,,L,Burrows,Alex,LW/RW,OTT/VAN,75,15,16,3,-5.5,62,14.63,68.9,8.8,0.913,1000,2.46,2.85,46.4,-7,-0.38,237,12,6,16,22,33,29.1,68,75,-7,19,35,34,3.2,35.7,1.2,0,4,0,2,2,3,0,0,2,0,2,2,0,0,9,0,4,2,12,6,18,15,7,1,84,18,-2,-2.5,16,2,0,2,0,52,383,382,133,136,59,3.6,166,6.4,108.5,0.41
650000,Wisconsin Rapids,WI,USA,USA,73,190,,,R,Nelson,Casey,D,BUF,11,0,0,-3,-0.5,4,12.59,0,4.7,0.924,971,1.3,2.17,37.5,-2,-0.87,19,0.3,0,1,1,54.1,45.2,15,16,-1,1,0,5,4.6,0,0,0,0,0,0,0,0,0,0,0,0,0,0,0,0,0,0,0,0,0,0,5,2,0,0,3,0,-2,-1.3,2,0,0,0,0,5,61,64,13,10,14,-0.1,24,7.5,98.6,0.09
575000,Vasteras,,SWE,SWE,75,205,,,L,Rasmussen,Dennis,C,CHI,68,4,4,-4,1.3,12,11.83,44.4,5.3,0.927,981,1.34,2.39,36,-14,-1.05,114,6.3,4,9,13,29.8,26,61,122,-61,19,25,49,5.7,44.6,44.8,63,45,0,0,0,0,0,0,1,0,0,1,0,0,2,0,0,3,11,1,3,4,5,2,51,13,7,-0.2,6,0,0,0,0,32,255,423,132,85,40,-0.4,122,14.3,110.1,0.17
725000,Moorhead,MN,USA,USA,74,190,2005,97,L,VandeVelde,Chris,C/LW,PHI,81,6,9,-5,-3.3,16,11.56,83.3,5.8,0.909,966,1.15,2.82,29,-26,-1.67,121,6.4,8,11,19,31.7,29.1,114,131,-17,12,14,60,5.9,52.4,5.7,4,10,0,0,0,1,0,0,1,2,0,1,1,0,1,0,1,3,8,7,1,15,5,2,31,13,5,3.7,8,0,0,0,0,44,429,456,119,70,47,0.7,190,16,104.4,0.17
3000000,Borlange,,SWE,SWE,76,215,2009,102,L,Ekholm,Mattias,D,NSH,82,3,20,4,6.4,34,23.42,32.9,7.5,0.921,996,2.19,2.32,48.6,-4,-0.13,284,7.5,11,7,18,47.3,42.9,61,131,-70,66,38,108,6.3,0,0,0,0,0,0,1,0,0,0,0,0,1,1,0,0,1,0,3,7,11,2,47,12,0,2,46,12,-5,4.3,17,0,0,0,0,74,600,629,243,226,99,4.6,203,5.8,108.7,0.47
950000,Prince George,BC,CAN,CAN,73,205,,,L,Manning,Brandon,D,PHI,65,3,9,-12,-2.9,83,18.05,33.3,6.7,0.905,972,1.84,2.86,39.1,-20,-1.02,193,3.6,6,9,15,50.9,49,121,121,0,38,9,79,7.2,0,0.1,0,0,0,0,1,1,0,0,1,0,0,1,0,0,1,0,1,3,2,0,30,17,0,0,35,16,-11,-6.7,18,9,0,0,0,56,612,561,168,107,74,2.1,292,7.2,109.7,0.27
3000000,Charlottetown,PE,CAN,CAN,76,212,2005,55,R,Mcquaid,Adam,D,BOS,77,2,8,4,4.4,71,18.16,20.8,7.2,0.906,978,2.06,2.71,43.2,-15,-0.65,136,2.5,4,4,8,59.7,49.3,157,121,36,24,10,144,10.9,0,0,0,0,0,1,1,0,0,0,0,0,0,1,0,0,1,0,0,1,0,0,23,13,0,0,28,12,-11,-4.1,17,5,0,1,0,63,514,566,186,190,89,3.3,377,9.8,111.3,0.33
1250000,Burnsville,MN,USA,USA,70,169,,,R,Brown,J.T.,RW,T.B,64,3,3,-7,-2.4,73,10.37,54.5,4,0.92,960,1,2.44,28.9,-16,-1.45,116,6.2,4,12,16,33.3,30.9,103,56,47,11,8,25,3.9,31.6,6.2,3,4,0,1,1,0,0,0,0,0,0,1,0,0,2,0,1,5,5,0,4,8,3,0,47,10,-12,-10.1,14,7,0,1,0,27,391,287,67,63,71,-0.4,208,7.9,104.1,0.08
575000,Pittsburgh,PA,USA,USA,73,196,2008,190,L,Bartkowski,Matt,D,CGY,24,1,1,-4,-5.2,26,15.38,15.4,8.7,0.913,1000,2.11,3.09,40.6,-6,-0.98,49,0.7,1,2,3,50.1,49.2,46,21,25,13,3,12,3.3,0,0,0,0,0,0,0,0,0,0,0,0,0,0,0,0,1,0,1,1,0,0,6,0,0,0,10,1,-5,-1.2,3,2,0,0,1,19,158,111,58,47,21,0.4,86,16.3,105.7,-0.03
600000,Paris,ON,CAN,CAN,74,199,2008,45,R,Dalpe,Zac,C,MIN,9,1,2,0,-0.5,9,8.55,60,16.1,0.868,1030,3.9,3.9,50,0,0,14,0.5,0,1,1,30.6,30.1,5,4,1,0,3,5,7,45.8,88.1,6,8,0,0,0,0,0,0,0,0,0,0,0,0,1,0,0,1,1,0,0,0,0,0,7,2,-1,0,2,1,0,0,0,5,28,39,10,12,6,0.3,20,4,102.9,0.24
4000000,Kladno,,CZE,CZE,75,230,1990,5,L,Jagr,Jaromir,RW,FLA,82,16,30,2,4.2,56,16.98,60.5,8.2,0.921,1002,3.29,2.12,60.8,27,1.17,295,22.2,20,8,28,24.1,21.4,21,89,-68,44,40,4,0.4,50,0.1,0,0,0,6,2,0,0,0,1,0,2,2,3,0,8,1,3,5,20,3,14,23,21,4,96,21,-7,-5.2,28,0,0,0,0,49,300,424,225,161,92,4.9,81,2.2,111.5,0.67
575000,Taber,AB,CAN,CAN,72,205,2005,8,R,Setoguchi,Devin,RW,L.A,45,4,8,-5,4.2,14,12.43,57.1,6.7,0.906,973,2.26,2.37,48.8,-1,-0.11,110,6.9,5,4,9,24.9,24.5,53,54,-1,19,15,10,2.2,50,0.8,1,1,0,0,0,0,0,0,1,0,0,0,0,0,3,0,1,3,9,2,2,9,3,1,34,11,4,3.3,7,0,0,0,0,22,309,261,85,48,33,0.8,77,9.7,116.3,0.43
625000,Canton,MA,USA,USA,74,190,,,L,Rooney,Kevin,C,N.J,4,0,0,-3,-0.7,4,10.19,0,0,0.826,826,0,5.89,0,-4,-5.89,5,0.1,0,0,0,47.5,37.3,4,8,-4,1,0,1,2.9,37,96.4,1,2,0,0,0,0,0,0,0,0,0,0,0,0,0,0,0,0,0,0,0,0,0,0,2,1,-1,-1,2,0,0,0,0,4,16,19,4,0,4,-0.2,9,2,85.3,-0.19
735000,Long Beach,CA,USA,USA,71,190,2011,47,L,Nieto,Matt,LW/RW,COL/S.J,59,7,6,-12,1.1,8,14.86,72.2,4.6,0.903,949,1.24,2.88,30,-24,-1.65,129,8.1,5,9,14,27.9,23.7,41,55,-16,17,28,34,4.3,33.3,0.7,1,0,0,1,1,1,0,1,1,0,0,0,1,0,5,1,0,3,9,2,6,14,6,2,46,7,3,3.3,4,0,0,0,0,42,252,255,127,102,42,0.4,83,17.3,105.3,0.31
575000,Montrose,BC,CAN,CAN,69,176,,,L,Jones,Connor,C/LW,NYI,4,0,0,1,-0.6,2,11.85,0,5.9,1,1059,1.27,0,100,1,1.27,9,0.1,0,2,2,62.5,54.7,13,4,9,1,2,3,8.3,61.5,36.1,4,0,0,0,0,0,0,0,0,0,0,0,0,0,0,0,1,0,0,0,1,0,0,0,1,2,1,1,1,0,0,0,0,0,28,18,6,7,1,0,18,15,94.9,0.2
640000,B_rum,,NOR,NOR,75,220,,,L,Martinsen,Andreas,LW/C,COL/MTL,64,3,4,-14,-10.1,32,9.95,70,4.4,0.919,963,0.94,2.64,26.3,-18,-1.7,133,5.9,3,4,7,36.4,32.7,173,63,110,11,25,28,4.2,75,0.7,1,1,0,0,0,0,0,0,0,0,0,0,1,0,2,0,2,4,6,0,4,10,4,0,49,5,-8,-9,11,2,0,0,0,28,396,229,81,71,57,-0.4,235,18,104.9,0.01
800000,Rochester,NY,USA,USA,71,185,2011,61,L,Prince,Shane,LW/C,NYI,50,5,13,-9,-1.1,18,12.96,72,7.9,0.905,984,2.32,2.87,44.6,-6,-0.56,124,6.8,2,7,9,27.1,23.2,36,56,-20,19,23,12,1.9,57.1,1.3,0,3,0,1,2,0,0,0,0,0,0,2,0,0,3,0,2,4,7,0,5,9,4,1,45,18,9,3.8,9,0,0,0,0,31,223,257,102,71,36,1,66,6.6,116.2,0.23
925000,Northbrook,IL,USA,USA,72,193,2013,35,R,Compher,J.T.,LW/C,COL,21,3,2,0,1,4,14.93,41.7,9.3,0.923,1016,2.3,2.11,52.2,1,0.19,59,3.03,3,4,7,30.5,28,11,22,-11,8,6,21,8.1,47.6,58.6,31,16,0,0,1,0,0,0,0,0,0,1,0,0,2,0,5,0,2,1,1,1,3,0,22,5,3,0.5,2,0,0,0,0,11,86,75,42,30,13,0.4,36,8.5,100.3,0.3
4000000,Kalajoki,,FIN,FIN,71,198,2001,192,L,Jokinen,Jussi,LW/RW/C,FLA,69,11,17,-15,-1.2,39,17.39,60.9,6.7,0.911,977,2.3,2.66,46.5,-7,-0.35,199,10.9,10,6,16,35.2,31.7,28,44,-16,59,27,33,3.4,52.1,11.2,19,40,0,2,2,1,0,0,0,0,0,1,0,1,9,0,1,2,9,3,13,22,9,1,61,15,-3,-3.1,17,1,0,0,0,53,335,325,233,130,64,1.9,101,3.2,111.4,0.47
5750000,Pittsburgh,PA,USA,USA,73,206,2011,43,L,Saad,Brandon,LW/RW,CBJ,82,24,29,23,12.6,8,17.03,75.7,9,0.935,1025,3.01,1.63,64.8,32,1.38,370,22.1,13,17,30,28.8,26.8,24,52,-28,29,43,26,2.4,44.4,0.7,1,1,0,5,4,1,0,1,1,2,0,10,2,0,9,1,6,4,36,4,8,57,7,0,98,10,6,6.6,4,0,0,0,0,38,361,363,170,164,53,7.2,58,16.8,107,0.82
892500,Johnston,RI,USA,USA,70,208,,,R,Acciari,Noel,C,BOS,29,2,3,3,0.5,16,10.32,55.6,7.6,0.959,1035,1.8,1.2,60,3,0.6,,2.6,,2,,23.8,,80,59,21,4,10,5,2,37.9,10.5,3,6,0,1,0,0,0,0,0,0,0,0,0,0,2,0,0,0,1,0,0,5,2,1,14,5,1,-2,3,0,0,1,0,6,184,177,28,45,29,0.5,101,30,96.4,0.17
7250000,Montreal,QC,CAN,CAN,72,201,2005,62,R,Letang,Kris,D,PIT,41,5,29,2,8.9,32,25.48,55.7,9.6,0.904,999,3.51,3,54,9,0.52,227,6.7,5,4,9,45.4,42.7,70,94,-24,43,30,70,7.6,0,0,0,0,1,1,2,0,0,0,0,0,1,1,1,0,2,0,1,5,3,1,30,12,2,0,74,14,-2,0.6,16,0,0,0,0,52,367,457,152,118,67,4.5,172,6.3,116,0.91
3500000,Montreal,QC,CAN,CAN,72,179,1998,45,L,Ribeiro,Mike,C,NSH,46,4,21,-5,-0.2,14,15.95,67.6,8.5,0.919,1004,3.03,2.46,55.2,7,0.57,74,4.2,4,3,7,28.9,26.9,33,38,-5,27,10,6,1,41.2,72.5,22,91,0,0,0,0,0,0,0,0,1,1,1,0,1,0,1,1,0,0,10,4,6,0,18,4,-3,-5.5,7,0,0,0,0,30,238,240,116,73,50,1.8,53,6.1,119.1,0.46
575000,Marshfield,MA,USA,USA,69,170,2008,95,L,Warsofsky,David,D,PIT,7,0,1,-3,-1,6,15.71,20,7.7,0.894,971,2.74,3.83,41.7,-2,-1.09,31,0.5,0,1,1,65.8,50.3,3,3,0,3,2,12,9.9,0,0,0,0,0,0,0,0,0,0,0,0,0,0,0,0,0,0,0,0,0,0,5,1,0,0,8,0,-3,-1.4,3,0,0,0,0,7,38,50,15,12,7,-0.1,21,1.7,129.2,0.24
10900000,Cole Harbour,NS,CAN,CAN,71,200,2005,1,L,Crosby,Sidney,C,PIT,75,44,45,17,18.4,24,19.87,74.2,11.4,0.917,1031,4.83,2.38,67,61,2.46,411,29.8,34,22,56,23.7,22.9,80,91,-11,70,39,27,2.1,48.2,98.5,157,392,1,11,5,2,0,0,5,2,2,10,6,1,18,1,4,10,39,5,23,45,19,3,121,19,7,6.2,12,0,0,0,0,59,482,651,223,160,82,12.3,131,9.9,125.4,1.26
667500,Sault Ste. Marie,ON,CAN,CAN,71,185,2015,67,R,Speers,Blake,C,N.J,3,0,0,0,0.3,0,9.48,0,0,1,1000,0,0,0,0,0,3,0.2,0,0,0,44.7,44.1,1,2,-1,0,1,1,3.3,0,9.1,0,0,0,0,0,0,0,0,0,0,0,0,0,0,0,0,0,0,0,0,1,2,0,0,0,0,0,0,0,0,0,0,0,0,10,12,2,3,2,0,2,0,94.9,-0.08
832500,Hamilton,ON,CAN,CAN,76,220,2013,7,L,Nurse,Darnell,D,EDM,44,5,6,0,-1.7,33,16.98,37.9,7.8,0.917,995,2.34,2.9,44.6,-7,-0.56,145,3.1,1,4,5,48.5,47.6,107,50,57,36,11,53,7.3,0,0,0,0,0,0,0,0,0,0,0,0,0,2,0,0,3,0,0,2,8,0,17,21,0,2,37,2,-10,-4.6,9,3,0,0,0,36,449,282,143,84,53,2.4,196,13.1,112.2,0.37
8000000,Yaroslavl,,RUS,RUS,72,219,2010,16,L,Tarasenko,Vladimir,RW,STL,82,39,36,-1,4.1,12,18.45,77.3,11,0.913,1024,3.86,2.19,63.8,42,1.67,526,25.4,14,14,28,29.3,27.4,50,94,-44,31,29,31,2.6,50,0.6,0,3,3,7,8,2,0,0,2,0,1,5,1,0,30,3,9,10,12,2,11,42,5,0,214,19,13,13,6,0,0,0,0,55,358,493,165,144,73,10.2,93,13.2,111.2,1.03
692500,Zilina,,SVK,SVK,74,202,2013,90,L,Cehlarik,Peter,LW/RW,BOS,11,0,2,0,0.4,0,13.91,25,10.4,0.897,1000,3.14,2.35,57.1,2,0.78,15,1.5,1,0,1,19.4,18.6,7,6,1,10,8,4,3.2,66.7,1.8,0,2,0,0,0,0,0,0,0,0,0,0,0,0,0,0,0,0,1,0,0,3,0,0,4,1,1,1.2,0,0,0,0,0,6,51,74,44,31,3,0,11,0,106.7,0.24
3500000,Thunder Bay,ON,CAN,CAN,76,208,2003,2,L,Staal,Eric,C,MIN,82,28,37,17,17.7,34,18.59,72.2,10.2,0.916,1018,3.55,2.41,59.6,29,1.14,361,22,20,18,38,28.9,26.1,42,70,-28,24,51,39,2.9,49.1,79.1,156,213,0,3,8,4,0,1,3,0,3,2,2,0,18,0,1,4,22,5,15,21,7,2,139,17,0,1.2,17,0,0,0,0,61,318,457,144,171,81,8.1,115,5.5,114.9,0.82
900000,Swan River,MB,CAN,CAN,74,208,2010,133,L,Ferland,Micheal,LW/RW,CGY,76,15,10,-1,-1.4,50,11.56,67.6,8.8,0.921,1010,2.53,2.32,52.1,3,0.2,172,11.1,7,16,23,28,27.4,149,52,97,38,36,26,3.3,42.9,0.8,0,2,0,3,1,0,0,0,2,0,2,4,1,0,6,0,0,3,10,1,9,12,5,0,69,7,-5,-0.5,5,6,0,1,0,34,415,249,139,106,68,2.9,231,37,108.9,0.35
575000,North Andover,MA,USA,USA,70,190,,,L,Farnham,Bobby,RW,MTL,3,0,0,0,-0.3,17,8.26,0,0,1,1000,0,0,0,0,0,4,0.4,0,0,0,26.8,26.2,8,3,5,0,0,2,5.7,100,5.6,0,1,0,0,0,0,0,0,0,0,0,0,0,0,0,0,0,0,0,0,0,2,0,0,2,0,-3,0,1,1,0,0,1,0,23,15,1,1,3,0,28,8,126.3,-0.2
600000,Pickering,ON,CAN,CAN,73,210,2011,80,L,Andreoff,Andy,LW/C,L.A,36,0,2,-2,0.5,70,10.59,33.3,3.5,0.939,973,0.94,1.42,40,-3,-0.47,81,4.1,5,2,7,27.2,24.5,70,47,23,10,5,7,2.3,59.4,24.1,12,15,0,0,0,0,0,0,0,0,0,0,0,0,0,1,1,0,5,0,2,9,1,0,21,9,-10,-11,14,2,0,2,1,9,242,215,52,28,46,-0.4,149,5.4,105,0.15
705000,Ottawa,ON,CAN,CAN,72,212,2013,206,R,Weegar,Mackenzie,D,FLA,3,0,0,0,0.1,4,17.44,0,8,0.957,1037,2.29,1.15,66.7,1,1.15,5,0.2,0,0,0,46,46.4,4,1,3,0,1,1,2.9,0,0,0,0,0,0,0,0,0,0,0,0,0,0,0,0,0,0,0,0,0,0,2,0,0,0,1,0,-2,-1.7,2,0,0,0,0,1,9,9,9,3,4,0.1,9,2.5,89.4,0.03
900000,Stockholm,,SWE,SWE,73,184,2015,45,R,Forsbacka Karlsson,Jakob,C,BOS,1,0,0,0,0.4,0,8.42,0,0,1,1000,0,0,0,0,0,0,0,0,0,0,0,,0,0,0,0,0,1,20,50,66.7,1,0,0,0,0,0,0,0,0,0,0,0,0,0,0,0,0,0,0,0,0,0,0,0,0,0,0,0,0,0,0,0,0,0,7,2,0,1,0,0,1,0,85.5,0.15
8000000,Brampton,ON,CAN,CAN,76,212,2002,1,L,Nash,Rick,RW/LW,NYR,67,23,15,9,0.4,26,16.46,63.3,11,0.919,1029,3.27,2.51,56.6,14,0.76,319,22.4,14,18,32,27.1,23.4,63,53,10,46,43,35,3.2,0,0.1,0,0,0,5,3,2,0,0,3,0,0,3,2,0,15,1,5,4,19,1,6,25,16,2,126,21,8,3.5,13,0,0,0,0,46,295,329,209,138,54,5,124,8.2,114.9,0.59
4000000,Winnipeg,MB,CAN,CAN,75,210,2008,69,R,Stone,Michael,D,ARI/CGY,64,3,12,0,-13.1,32,19.8,34.1,8.5,0.925,1010,2.09,2.47,45.8,-8,-0.38,186,3.2,4,1,5,52.8,49.2,125,86,39,26,5,143,10.7,100,0.1,0,0,0,0,0,0,0,0,0,0,1,0,0,0,2,0,0,9,0,0,46,7,0,0,28,6,-10,-0.8,16,0,0,0,0,52,512,373,167,112,68,3.3,300,8.1,110.7,0.13
575000,Roseau,MN,USA,USA,70,184,2008,40,L,Ness,Aaron,D,WSH,2,0,0,-1,-0.3,0,12.83,0,0,0.923,923,0,2.34,0,-1,-2.34,1,0,0,0,0,0,44.7,2,2,0,1,0,2,8,0,0,0,0,0,0,0,0,0,0,0,0,0,0,0,0,0,0,0,0,0,0,0,0,0,0,0,0,0,0.1,0,0,0,0,0,1,8,13,3,2,0,-0.1,4,0,93.5,-0.28
1850000,Lycksele,,SWE,SWE,72,180,,,R,Karlsson,Melker,C/RW,S.J,67,11,11,7,1.4,22,12.79,78.6,8.5,0.922,1006,1.96,2.24,46.7,-4,-0.28,133,9.2,6,9,15,25.1,22.2,67,106,-39,23,17,59,6.9,16.7,0.8,0,1,0,1,1,0,1,1,1,2,1,0,3,0,4,0,0,1,6,5,6,4,7,0,45,16,5,3.9,11,0,0,0,0,32,318,366,152,107,47,2.6,148,7.6,108.9,0.39
2500000,Edmonton,AB,CAN,CAN,72,190,,,L,Schlemko,David,D,S.J,62,2,16,4,7.2,14,16.66,42.9,7.6,0.921,997,2.45,1.81,57.5,11,0.64,250,5.6,3,14,17,48.7,44,35,118,-84,42,28,111,13.3,0,0,0,0,1,1,1,0,0,0,0,0,0,0,0,0,2,0,0,5,7,0,30,12,1,0,68,7,0,2.6,7,0,0,0,0,31,370,493,183,131,55,3.7,161,9,110.7,0.5
740000,Ottawa,ON,CAN,CAN,73,206,2013,69,R,Baptiste,Nicholas,RW,BUF,14,3,1,1,-1.4,6,9.24,66.7,10.9,0.96,1069,2.79,1.39,66.7,3,1.39,21,1.4,1,0,1,27.8,29,12,8,4,1,1,1,0.8,33.3,2.2,0,1,0,1,0,0,0,0,1,0,0,0,0,0,2,0,0,0,1,0,2,0,1,0,13,0,-3,-3.9,3,0,0,0,0,3,68,56,11,5,9,0.6,19,4.3,104,0.18
800000,Omsk,,RUS,RUS,75,200,,,L,Kalinin,Sergey,C/RW,N.J,43,2,2,-14,-4,15,12.67,80,2.8,0.902,930,0.55,3.33,14.3,-25,-2.77,54,3.7,0,2,2,23.5,22.8,53,44,9,9,7,20,3.7,41.4,33.9,32,10,0,0,0,0,0,0,0,0,0,0,2,0,0,0,0,0,8,0,1,6,7,0,16,5,-1,-0.9,5,1,0,0,0,30,212,198,64,44,36,-0.6,89,12,96.3,-0.01
667500,Calgary,AB,CAN,CAN,70,166,2014,79,R,Point,Brayden,C,T.B,68,18,22,4,1.3,14,17.13,54.8,11.4,0.917,1031,3.76,2.22,62.9,30,1.55,214,14.2,6,5,11,24.4,23.3,39,88,-49,19,30,31,3.4,44.7,48.8,50,101,0,4,2,0,0,0,1,0,0,1,6,0,10,0,5,9,18,1,2,16,16,0,69,11,4,4.1,7,0,0,0,0,43,313,405,171,105,53,4.7,84,9.9,110.2,0.63
4000000,Alfred,ON,CAN,CAN,75,204,2005,4,L,Pouliot,Benoit,LW,EDM,67,8,6,-5,-3.5,34,14.05,51.9,6,0.924,984,1.72,2.23,43.5,-8,-0.51,146,7.7,5,5,10,28.2,29.3,39,60,-21,48,39,39,4.4,25,3.1,0,6,0,3,1,0,0,0,0,1,0,1,2,0,4,1,0,2,8,1,6,23,13,0,26,14,-3,-8.4,17,0,0,0,0,35,353,341,187,133,58,0.6,112,4.6,109,0.2
700000,Wakaw,SK,CAN,CAN,72,189,2009,96,R,Vey,Linden,RW/C,CGY,4,0,0,-2,0.8,0,11.01,0,0,0.882,882,0,2.73,0,-2,-2.73,5,0.5,1,0,1,5,13.9,1,2,-1,2,0,0,0,37.5,55.8,1,3,0,0,0,0,0,0,0,0,0,0,0,0,0,0,0,1,0,0,0,0,0,0,1,0,0,0.1,0,0,0,0,0,2,10,12,5,4,3,-0.2,1,0,95.4,0
7000000,Landsbro,,SWE,SWE,72,191,2008,15,R,Karlsson,Erik,D,OTT,77,17,54,10,7,28,26.78,66.4,9.5,0.918,1013,3.13,2.37,56.9,26,0.76,506,13.1,11,27,38,48.5,44.9,67,84,-17,106,59,201,10.6,0,0,0,0,1,3,5,1,0,0,0,0,4,2,0,0,11,3,5,17,5,0,81,35,3,0,94,22,8,13,14,0,0,0,0,81,751,635,346,226,108,12.9,296,9,116.5,0.96
5000000,Jyv_skyl_,,FIN,FIN,70,183,2009,106,R,Vatanen,Sami,D,ANA,71,3,21,3,1.5,30,21.63,32,9.4,0.936,1030,2.94,1.88,61,27,1.06,252,8.4,6,7,13,48.4,41.3,75,95,-20,39,15,128,8.8,0,0,0,0,0,1,0,0,0,0,0,0,2,0,0,0,1,1,1,4,2,0,55,14,2,1,43,18,4,2.1,14,0,0,0,0,48,530,524,223,118,93,4.9,233,6.4,116.7,0.4
9000000,Madison,WI,USA,USA,72,202,2006,5,R,Kessel,Phil,RW/C,PIT,82,23,47,3,-5.1,20,17.89,69.3,10.9,0.935,1044,4.15,1.93,68.2,54,2.22,407,20.6,12,8,20,31,29.2,12,42,-30,51,15,15,1.2,33.3,1,1,2,1,4,4,0,0,1,1,0,1,5,0,0,16,1,4,6,8,1,7,66,5,1,141,9,-1,2.4,10,0,0,0,0,47,437,591,228,128,98,7.3,47,2.7,118.4,0.73
925000,Moscow,,RUS,RUS,74,190,2014,26,L,Scherbak,Nikita,RW,MTL,3,1,0,1,-0.3,0,11.38,50,15.4,1,1154,3.52,0,100,2,3.52,8,0.3,0,0,0,22.3,26.4,0,3,-3,0,0,1,2.6,0,0,0,0,0,0,0,0,0,0,0,0,0,0,0,0,1,0,0,0,0,0,0,1,0,0,2,0,0,0.1,0,0,0,0,0,0,12,24,2,5,3,0.2,1,0,119.6,0.18
4000000,Leksand,,SWE,SWE,74,200,2011,42,L,Rask,Victor,C,CAR,82,16,29,-10,-2.8,16,17.22,67.2,8.5,0.906,991,2.87,2.66,51.9,5,0.21,307,15.9,16,20,36,36.9,32.6,43,91,-49,46,41,33,2.7,49.8,70.4,89,193,0,3,3,1,0,0,0,1,1,7,0,0,7,1,2,2,12,4,24,59,3,0,84,9,2,6.1,7,0,0,0,0,62,354,480,246,239,58,4.2,92,12,113.9,0.56
600000,Herning,,DNK,DNK,72,175,2013,89,R,Bjorkstrand,Oliver,RW,CBJ,26,6,7,4,6.1,6,14.09,56.5,10.4,0.906,1011,3.77,2.13,63.9,10,1.64,90,7.4,9,4,13,24.4,24.2,14,31,-17,8,8,9,3.6,100,0.3,0,0,0,1,2,0,0,0,0,0,2,1,0,0,3,0,2,1,5,1,5,11,6,0,27,5,3,2.6,2,0,0,0,0,13,105,124,36,34,15,1.7,29,11,102.4,0.67
725000,Le Blanc-Mesnil,,FRA,FRA,72,198,,,L,Bellemare,Pierre-Edouard,LW/C,PHI,82,4,4,-1,-3.9,20,12.96,38.1,5.9,0.908,967,1.19,2.83,29.6,-29,-1.64,172,6,4,14,18,37.5,34.7,73,105,-32,14,24,70,6.1,48.4,86,168,94,0,2,0,0,0,0,0,0,1,2,1,0,0,2,0,4,10,1,8,36,5,1,29,7,0,0.7,5,2,0,0,0,50,460,499,138,86,40,-0.4,165,19.4,104.7,0.16
925000,New Haven,CT,USA,USA,73,214,2013,33,L,Erne,Adam,LW,T.B,26,3,0,-9,0.9,11,11.79,60,3.4,0.904,938,0.98,2.55,27.8,-8,-1.57,65,3.7,3,0,3,29.2,28.3,71,23,48,5,2,13,5.2,0,0.7,0,0,0,2,0,0,0,0,0,0,0,0,0,0,3,0,1,4,8,0,3,4,2,1,22,5,1,-1.6,3,1,0,0,0,13,186,120,41,22,13,-0.2,96,24.3,104.9,0.2
792500,East Longmeadow,MA,USA,USA,69,201,,,L,Vatrano,Frank,C/LW,BOS,44,10,8,-3,1.9,14,13.44,69.2,7.1,0.914,985,2.64,1.93,57.8,7,0.71,193,9.1,4,8,12,37,30.3,51,39,12,8,9,16,3.8,28.6,1.2,0,2,0,4,1,0,0,0,0,1,2,1,0,0,6,0,3,2,5,1,13,29,3,0,65,9,2,-1,7,0,0,0,0,19,236,245,85,70,38,2.2,81,8.6,109.7,0.64
832500,Vitkov,,CZE,CZE,75,210,2012,13,L,Faksa,Radek,C,DAL,80,12,21,-6,0.2,67,16.17,66,8.3,0.889,972,2.32,3.53,39.7,-26,-1.21,249,16.9,16,17,33,28.9,27.2,101,128,-27,36,43,62,4.7,48.3,88.7,259,150,0,1,0,1,0,0,0,1,0,1,2,0,8,1,4,4,17,2,7,17,12,1,76,25,0,-2.7,21,3,0,1,0,76,418,476,183,145,88,2.4,233,6.9,115.9,0.46
2950000,Narva,,EST,FIN,71,210,2006,180,L,Komarov,Leo,C/LW,TOR,82,14,18,6,-2.3,31,17.01,40,11.6,0.912,1028,3.44,2.8,55.2,15,0.65,177,14.6,6,7,13,27.4,23.4,232,62,169,25,45,50,3.6,45,13.3,52,18,0,3,1,0,0,0,2,0,0,3,5,0,4,0,1,2,13,0,9,34,21,0,37,16,3,-1.2,12,1,0,0,0,65,569,554,224,221,83,2.8,314,23.2,118.2,0.37
4250000,Maykop,,RUS,RUS,71,178,2011,58,L,Kucherov,Nikita,RW,T.B,74,40,45,13,4.5,38,19.39,82.5,12,0.912,1032,4.33,2.18,66.5,51,2.14,464,23.9,16,17,33,32.2,30.3,30,77,-47,64,54,20,2,0,0,0,0,1,5,7,3,0,0,2,0,8,6,2,0,22,2,11,14,12,2,61,40,9,2,120,20,4,3,14,2,0,0,0,52,409,492,245,163,81,12,90,6,111.5,1.24
875000,Salem,MA,USA,USA,76,203,2013,61,L,Sanford,Zach,LW,STL/WSH,39,4,4,2,-1.8,10,10.84,61.5,7.1,0.952,1023,1.84,1.42,56.5,3,0.43,73,4.77,7,6,13,26.6,49.61,22,48,-26,14,14,20,5.2,43.6,10.9,3,10,0,1,2,0,0,0,0,0,0,2,0,0,2,0,0,0,5,0,1,8,3,0,19,6,1,2.2,5,0,0,0,0,10,165,190,59,48,26,0.7,52,7.2,103.3,
625000,Wallaceburg,ON,CAN,CAN,69,191,2012,131,R,Griffith,Seth,C/RW,FLA/TOR,24,0,5,6,-0.4,8,12.73,35.7,7.7,0.973,1049,2.75,0.79,77.8,10,1.96,50,3.2,4,1,5,28.5,28.5,30,22,8,6,5,5,2.1,25,2.8,0,1,0,0,0,0,0,0,0,0,0,0,0,0,0,0,0,1,2,0,0,2,3,0,14,4,0,-1.6,4,0,0,0,0,4,120,99,40,38,28,0.3,43,8.8,110.2,0.32
575000,Moscow,,RUS,RUS,68,170,,,L,Tolchinsky,Sergey,LW,CAR,2,0,1,0,-0.2,0,11.48,100,5.6,0.941,997,2.61,2.61,50,0,0,3,0.1,0,0,0,32.5,32.5,0,5,-5,0,0,0,0,0,0,0,0,0,0,0,0,0,0,0,0,0,0,0,0,0,0,0,0,0,0,1,1,0,0,0,0,0,0,0,0,0,0,0,1,6,8,5,4,0,0.1,0,0,148.9,0.45
625000,Ann Arbor,MI,USA,USA,71,192,2007,93,R,Kampfer,Steven,D,FLA/NYR,11,1,1,-2,-2.4,6,13.24,50,5.2,0.927,979,1.65,2.48,40,-2,-0.83,23,0.3,0,0,0,61.4,56,24,21,3,3,2,10,8.3,0,0,0,0,0,1,0,0,0,0,0,0,1,0,0,0,0,0,0,2,0,0,4,2,0,0,4,4,1,1.7,3,0,0,0,0,6,80,66,17,19,11,0.2,40,8.7,104.4,0.27
4000000,Ilderton,ON,CAN,CAN,70,185,,,R,Read,Matt,RW/LW,PHI,63,10,9,3,0.6,8,13.78,67.9,6.8,0.93,998,1.94,1.8,51.9,2,0.14,161,9,5,11,16,30.6,26.5,95,125,-30,18,21,32,4.3,33.3,2.1,0,4,0,1,2,0,0,0,1,1,1,0,1,0,6,1,0,6,8,2,6,22,9,0,45,5,1,2.4,4,0,0,0,0,26,421,452,114,82,36,2,135,29,110.4,0.46
2500000,Warroad,MN,USA,USA,75,206,2010,30,L,Nelson,Brock,C/LW,NYI,81,20,25,-6,-7.7,36,15.65,71.4,10.2,0.906,1008,2.98,2.84,51.2,3,0.14,305,17.1,10,22,32,26.6,24.2,50,80,-30,43,43,48,3.9,43.7,70.5,136,86,1,5,4,0,0,0,1,2,0,4,0,0,13,0,2,6,8,3,8,23,9,6,116,26,9,3.8,17,0,0,0,0,60,444,463,210,139,74,4.7,134,5.5,112.3,0.45
675000,Grand Rapids,MI,USA,USA,71,199,,,R,Glendening,Luke,C/RW/LW,DET,74,3,11,-10,-3,26,12.91,73.7,5.7,0.913,970,1.2,2.96,28.8,-28,-1.76,123,8.6,3,7,10,29.1,23.3,150,131,18,12,19,62,5.8,54,54.5,182,55,0,1,0,1,0,0,0,0,0,0,2,0,1,0,1,2,13,1,3,9,8,0,42,9,-4,-1.1,13,0,0,0,0,47,412,400,96,74,42,0,238,13,104.8,0.11
900000,Stockholm,,SWE,SWE,75,215,2010,41,L,Nemeth,Patrik,D,DAL,40,0,3,-4,2.5,14,15.77,15.8,6.1,0.911,972,1.81,2.86,38.8,-11,-1.05,91,2.5,3,3,6,42.1,38,45,51,-6,18,10,47,7.3,0,0,0,0,0,0,0,0,0,0,0,0,0,0,0,0,0,0,0,3,4,0,11,7,0,0,24,4,-3,-1.1,7,0,0,0,0,30,208,216,90,80,35,0.3,106,7.9,114.9,0.16
1050000,Sundsvall,,SWE,SWE,72,184,2009,40,L,Lander,Anton,C/LW/RW,EDM,22,1,3,2,-0.4,6,9.77,44.4,10.1,0.9,1001,2.51,3.07,45,-2,-0.56,21,0.9,2,2,4,34,32.1,28,13,15,4,8,7,3.3,56,56.6,49,15,0,0,0,0,0,0,0,0,1,0,0,0,0,0,0,1,1,0,1,3,1,0,6,0,-3,-2,3,0,0,0,0,11,138,81,25,19,10,0.3,41,12,97.7,0.18
1100000,Ottawa,ON,CAN,CAN,70,184,2010,45,L,Spooner,Ryan,C/LW,BOS,78,12,28,-8,1,14,14.07,60,9.3,0.903,996,3.56,2.3,60.7,23,1.26,222,12.9,6,9,15,32.3,28.5,24,71,-47,50,36,17,2.1,38.9,19.4,8,30,1,3,3,1,0,0,0,1,2,3,1,0,5,0,1,3,15,2,13,37,4,1,74,5,-2,-0.4,7,0,0,0,0,42,369,454,178,110,77,3.7,55,8.6,113.9,0.56
925000,New Westminster,BC,CAN,CAN,73,229,2014,6,R,Virtanen,Jake,RW,VAN,10,0,1,1,-0.8,2,10.14,100,3.1,1,1031,0.59,0,100,1,0.59,25,0.7,0,0,0,32.5,32.5,17,9,8,0,4,4,4.4,100,2.6,0,2,0,0,0,0,0,0,0,0,0,0,0,0,0,0,0,1,0,0,0,1,0,0,12,1,0,-1,1,0,0,0,0,0,50,53,8,8,5,0,23,21,97.1,0.09
650000,De Pere,WI,USA,USA,71,188,2011,171,L,McCormick,Max,RW/LW/C,OTT,7,0,0,-3,-1.1,0,6.76,0,0,0.906,906,0,3.8,0,-3,-3.8,14,0.5,2,0,2,30,28.3,13,4,9,0,2,1,1.6,62.5,47.1,4,5,0,0,0,0,0,0,0,0,0,0,0,0,0,0,0,0,1,0,0,2,0,1,3,1,1,0,0,0,0,0,0,3,40,22,4,4,7,-0.2,14,0,143.2,-0.07
3850000,Winnipeg,MB,CAN,CAN,72,190,2009,85,L,Eakin,Cody,C,DAL,60,3,9,-7,1.2,49,16.81,42.9,5.7,0.896,953,1.67,3.16,34.6,-25,-1.49,168,10.2,9,2,11,24.8,23.1,65,56,9,33,24,39,3.8,52.3,87.9,202,154,0,0,1,0,0,0,0,0,0,0,0,0,3,0,2,6,13,3,3,15,6,2,40,13,-3,-1.4,12,3,0,0,1,53,291,294,189,121,52,-0.5,156,7.4,116.5,0.24
9000000,Minneapolis,MN,USA,USA,71,196,2003,17,L,Parise,Zach,LW,MIN,69,19,23,-3,10.3,30,17.41,64.6,9.1,0.91,1001,3.26,2.7,54.6,11,0.55,300,25.9,27,20,47,23.3,21.5,46,67,-21,17,33,69,6,61.5,1.1,0,5,0,6,4,1,0,0,1,1,2,3,3,0,9,0,6,6,20,6,10,29,15,2,112,17,2,1.8,15,0,0,0,0,54,246,341,116,118,51,4.3,145,5.3,121.8,0.67
925000,Burnsville,MN,USA,USA,73,191,2015,23,R,Boeser,Brock,RW,VAN,9,4,1,0,0.8,0,16.22,62.5,9.3,0.905,998,3.29,2.47,57.1,2,0.82,38,2.4,3,1,4,30.4,30.1,5,3,2,4,1,0,0,0,0,0,0,0,0,1,0,0,0,0,0,0,1,0,0,3,0,0,0,1,1,3,3,0,1,16,0,0,0.2,0,0,0,0,0,6,40,39,23,18,5,0.8,5,0,102.8,0.68
700000,Vaughan,ON,CAN,CAN,70,193,2009,147,L,Varone,Phil,C,OTT,7,0,0,-3,-0.7,2,7.97,0,0,0.917,917,0,3.22,0,-3,-3.22,5,0.3,0,0,0,9,23,3,2,1,4,3,1,1.8,55.6,56.3,5,6,0,0,0,0,0,0,0,0,0,0,0,0,0,0,0,0,1,0,0,0,0,0,0,1,0,0.1,1,0,0,0,0,3,19,24,10,8,8,-0.2,6,6,105.2,-0.18
742500,Helsinki,,FIN,FIN,74,195,,,L,Hannikainen,Markus,LW,CBJ,10,1,1,0,1.7,6,9.13,50,9.8,0.875,973,2.63,3.29,44.4,-1,-0.66,14,0.5,1,0,1,38.3,34.8,16,14,2,0,0,5,6.8,0,0,0,0,0,1,0,0,0,0,0,0,0,1,0,0,0,0,0,1,1,0,0,2,0,0,5,1,-2,-1,3,0,0,0,0,5,40,40,11,8,3,0.2,27,5.3,96.7,0.26
925000,Eisenstadt,,AUT,SVK,71,212,2013,27,L,Dano,Marko,C/LW/RW,WPG,38,4,7,0,0.2,10,10.68,73.3,7.7,0.951,1028,2.22,1.18,65.2,7,1.04,77,6.2,5,8,13,23.7,23.6,83,39,44,10,18,14,4.3,25,1.1,1,0,0,0,0,0,0,0,0,1,0,0,0,0,3,0,0,3,8,2,4,3,1,1,25,9,4,3.7,5,0,0,0,0,8,254,159,58,43,32,0.9,107,20.2,101.6,0.29
4250000,Halmstad,,SWE,SWE,71,184,2008,121,L,Nyquist,Gustav,RW/C/LW,DET,76,12,36,0,4.2,18,17.32,70.6,9.5,0.911,1006,3.14,2.36,57.1,17,0.79,288,18.9,10,15,25,27.4,26.5,54,71,-17,35,32,20,2,80,0.4,1,1,0,3,2,0,0,0,2,1,1,3,0,0,5,1,2,11,18,2,5,35,12,2,91,16,7,7.5,9,0,0,0,0,51,336,446,197,126,73,4.7,92,9.6,107.5,0.62
667500,Prague,,CZE,CZE,71,176,2015,137,L,Simon,Dominik,C,PIT,2,0,1,-1,-0.4,0,13.05,100,12.5,0.867,992,2.3,4.6,33.3,-1,-2.3,5,0.3,0,0,0,15.5,27.6,2,3,-1,1,1,0,0,0,0,0,0,0,0,0,0,0,0,0,0,0,0,0,0,0,0,0,0,1,0,0,0,1,0,0,0,0,0,0,0,0,0,0,2,12,7,5,2,1,0,2,0,110.4,0.23
8000000,Minneapolis,MN,USA,USA,75,221,2003,62,R,Backes,David,RW/C,BOS,74,17,21,2,10,69,17.08,58.5,8.4,0.897,981,3.09,2.52,55.1,12,0.57,286,17.7,10,14,24,33.9,30.5,226,99,126,35,28,47,4.8,48.8,9.4,20,28,0,4,2,2,0,0,0,2,2,5,2,0,6,0,1,5,14,3,10,36,16,0,96,19,-7,-0.1,22,3,0,1,0,53,473,504,204,153,83,4.5,345,11.5,114.1,0.71
635000,Toronto,ON,CAN,CAN,74,215,,,L,Goodrow,Barclay,RW/C,S.J,3,0,1,0,-1.1,0,11.3,,0,1,1000,0,0,0,0,0,6,0.2,0,0,0,30.7,23,3,3,0,1,1,1,2.9,0,0,0,0,0,0,0,0,0,0,0,0,0,0,0,0,0,0,0,0,0,0,0,0,0,0,3,1,1,1,0,0,0,0,0,0,7,17,3,4,1,0.1,4,0,93.8,0.09
3650000,Edmonton,AB,CAN,CAN,69,175,2008,26,L,Ennis,Tyler,LW/C/RW,BUF,51,5,8,-10,-3.3,12,12.83,56.5,6.2,0.931,993,2.11,2.02,51.1,1,0.09,145,7.7,6,9,15,29.9,26.8,45,45,0,17,19,23,4,18.8,2.6,1,1,0,3,1,0,0,0,0,0,0,0,1,0,4,0,3,1,6,1,10,8,1,3,60,2,-4,-2.1,6,0,0,0,0,22,234,211,89,60,29,0.6,80,10.7,110.5,0.27
3750000,Phoenix,AZ,USA,CAN,75,211,2011,8,L,Couturier,Sean,C,PHI,66,14,20,12,9.8,33,18.44,60.7,8.5,0.9,985,2.76,2.71,50.5,1,0.05,194,14.6,16,13,29,26.5,23,41,114,-73,33,46,35,3.4,55.1,96.7,216,170,0,3,2,1,0,0,3,1,0,4,1,0,5,1,2,1,15,3,6,27,7,0,62,9,-6,-1.6,14,1,0,0,0,55,440,536,175,112,74,3.9,110,6.2,109.1,0.65
6075000,Trencin,,SVK,SVK,73,205,2000,3,L,Gaborik,Marian,RW,L.A,56,10,11,-4,9.4,18,14.78,60,7.3,0.919,992,2.54,2.03,55.6,7,0.51,216,12.5,8,8,16,27.2,25,21,35,-14,24,7,15,2.4,0,0.1,0,0,0,3,3,0,0,0,2,0,0,1,0,0,7,1,3,7,11,0,11,21,9,0,71,5,-4,-3,9,0,0,0,0,28,342,354,117,48,43,2.2,54,3.1,112.7,0.58
950000,Edmonton,AB,CAN,CAN,74,205,2009,83,L,Connauton,Kevin,D,ARI,24,0,1,-1,-3.9,24,13.13,10,7.5,0.924,999,1.9,2.67,41.7,-4,-0.76,51,0.7,1,2,3,51.9,47.7,48,24,24,5,4,22,6.2,0,0,0,0,0,0,0,0,0,0,0,0,0,0,0,0,0,0,0,1,0,0,5,1,1,0,14,2,-6,-3.5,7,0,0,1,0,14,152,126,33,30,21,0.4,94,7.4,117.5,0
925000,Kramfors,,SWE,SWE,74,202,2014,29,L,Kempe,Adrian,LW/C,L.A,25,2,4,-3,0.5,6,12.23,60,6.6,0.92,986,1.96,1.77,52.6,1,0.2,61,2.7,1,3,4,33.8,34.5,23,14,9,10,5,7,3.1,43.8,56.5,23,32,0,0,1,0,0,0,0,0,0,2,0,0,0,0,1,0,3,1,3,5,0,0,20,5,2,3.2,3,0,0,0,0,9,164,169,45,17,13,0.4,36,9.3,103.9,0.41
2750000,Edmonton,AB,CAN,CAN,74,214,2000,194,R,Engelland,Deryk,D,CGY,81,4,12,2,-11.7,85,18.31,35.6,8,0.917,997,1.82,2.84,39.1,-25,-1.01,218,3.9,2,9,11,51.5,47.2,135,120,15,49,19,134,8.6,100,0.1,0,0,0,0,2,0,0,0,2,0,0,0,1,0,1,0,3,5,5,0,27,12,1,0,62,13,-12,-2.1,15,9,0,0,1,70,549,459,226,189,91,3.9,363,10.3,105.7,0.2
5000000,Minneapolis,MN,USA,USA,73,200,2000,62,L,Martin,Paul,D,S.J,81,4,22,10,1.2,20,19.21,42.6,8.1,0.918,999,2.36,2.59,47.7,-6,-0.23,127,2.1,1,7,8,52.9,46.6,41,87,-46,57,36,124,7.6,0,0,0,0,0,2,1,0,0,0,0,1,3,0,0,0,0,0,1,1,2,2,23,4,0,0,26,2,-8,-2,10,0,0,0,0,67,454,530,388,236,74,5.8,185,7.7,121.5,0.38
5000000,Edmonton,AB,CAN,CAN,72,191,2006,12,R,Little,Bryan,C/RW,WPG,59,21,26,-7,4,18,17.46,73.4,10.9,0.884,993,3.77,3.41,52.5,6,0.35,188,13.7,11,9,20,24.9,22.5,35,35,0,19,31,23,2.5,55.6,94.6,178,229,1,4,3,1,0,0,5,1,1,3,3,0,8,1,1,3,17,11,13,20,11,0,47,8,-1,0.5,9,0,0,0,0,58,284,225,150,128,54,5.3,76,7.3,113.5,0.77
11000000,Toronto,ON,CAN,CAN,72,210,2007,43,R,Subban,P.K.,D,NSH,66,10,30,-8,10.4,44,24.36,52.6,8.9,0.896,986,2.84,2.81,50.3,1,0.04,295,6.6,3,4,7,58.3,49.4,78,71,7,58,30,104,7.8,0,0,0,0,0,0,2,1,0,0,0,0,7,0,0,0,3,1,1,3,4,3,83,11,0,0,41,20,2,5.4,16,2,0,0,0,75,446,486,218,179,90,6.1,228,6.8,110.1,0.8
600000,Brampton,ON,CAN,CAN,77,212,2011,191,L,Graovac,Tyler,C,MIN,52,7,2,7,-4.3,10,9.84,50,9.4,0.962,1055,2.11,1.29,62.1,7,0.82,84,5.8,2,2,4,24.7,23,52,42,10,4,16,15,2.8,47.5,80.1,30,64,0,1,2,0,0,0,1,0,0,1,1,0,4,0,1,0,10,1,2,6,2,0,27,3,-2,0,5,0,0,0,0,11,213,205,54,48,32,1.1,77,13.6,105.2,0.04
6000000,Bloomington,MN,USA,USA,76,225,2006,1,R,Johnson,Erik,D,COL,46,2,15,-6,-1.2,9,22.04,44.7,7.6,0.883,959,2.26,3.68,38,-24,-1.43,204,3.9,4,2,6,50.1,45.5,87,54,33,23,18,98,10.2,0,0,0,0,1,0,1,0,0,0,0,0,0,1,0,0,1,0,0,1,6,0,30,10,0,1,49,6,3,7,2,1,0,0,0,62,321,261,108,131,55,2.9,195,52.5,113.2,0.52
950000,Prague,,CZE,CZE,75,200,2009,75,L,Nestrasil,Andrej,C/RW/LW,CAR,19,1,4,-3,0,2,10.9,83.3,5.6,0.89,946,1.74,2.61,40,-3,-0.87,39,2.4,4,0,4,23.1,23.2,10,14,-4,8,11,6,3.6,30,5.8,1,1,0,0,0,0,0,0,0,0,0,0,0,0,1,0,0,0,6,0,0,7,0,0,14,0,-1,-1.9,1,0,0,0,0,9,67,80,34,28,4,0.2,18,21,104.3,0.29
775000,Long Beach,CA,USA,USA,73,212,2010,29,L,Etem,Emerson,LW/RW,ANA,3,0,0,1,-0.7,2,8.8,0,20,0.909,1109,2.27,2.27,50,0,0,0,0,0,0,0,0,,4,3,1,0,0,0,0,0,5.3,0,0,0,0,0,0,0,0,0,0,0,0,0,0,0,0,0,0,0,0,0,0,0,0,0,0,-1,-1,1,0,0,0,0,1,13,9,2,1,5,0,6,4,84.1,-0.15
1700000,Bern,,CHE,CHE,71,192,2011,13,L,Baertschi,Sven,LW,VAN,68,18,17,-6,-4,8,15.87,67.3,9.9,0.905,1004,2.9,2.73,51.5,3,0.17,185,13.6,11,6,17,24.1,23.4,52,78,-26,23,39,29,3.1,100,0.1,0,1,0,4,5,0,0,0,4,2,0,0,1,0,11,0,0,4,12,10,2,10,4,0,76,12,9,3.6,3,0,0,0,0,49,307,404,141,114,51,4.1,89,30.3,106.7,0.42
1025000,Dover,NJ,USA,USA,74,183,2003,186,L,Miller,Drew,LW/RW,DET,55,5,2,-12,-4.8,18,10.2,77.8,4.2,0.907,950,0.98,3.26,23.1,-21,-2.28,66,4.2,5,4,9,25,25.6,71,54,15,5,12,48,7.9,66.7,0.6,1,1,0,0,1,0,0,0,0,0,1,2,0,0,2,0,0,3,3,1,2,4,0,1,32,1,-8,-5.1,9,0,0,0,0,30,280,256,47,40,31,0,141,9.3,106,0.05
925000,Orangeville,ON,CAN,CAN,74,232,2014,10,L,Ritchie,Nick,LW,ANA,77,14,14,4,9.4,62,12.98,71.8,7.2,0.932,1004,2.34,1.92,54.9,7,0.42,261,17.7,17,14,31,26,23.6,247,90,157,23,16,24,2.7,50,0.9,0,3,0,3,3,1,0,0,2,0,0,2,2,1,7,0,2,4,23,1,4,12,10,6,93,14,-10,-9.5,21,2,1,0,0,32,564,409,178,74,72,3.2,335,12.5,112.5,0.43
5400000,Turku,,FIN,FIN,75,215,2001,6,L,Koivu,Mikko,C,MIN,80,18,40,27,14.8,34,19.11,60.4,12.6,0.917,1043,3.77,2.43,60.8,34,1.33,260,16.2,18,9,27,26,24.8,32,37,-5,28,39,65,4.6,55.2,97.7,392,264,1,4,4,1,0,0,1,0,4,2,0,0,10,1,4,5,13,2,19,14,11,2,78,6,-11,-8,17,0,0,0,0,62,277,423,152,158,60,6.6,131,4.2,111.5,0.67
7875000,Livonia,MI,USA,USA,74,202,2003,23,R,Kesler,Ryan,C/RW,ANA,82,22,36,8,12.5,83,21.29,63.7,9.5,0.915,1010,3.13,2.55,55.2,17,0.58,352,31.2,41,16,57,21.5,21,146,115,31,39,22,75,4.5,57.4,86.5,429,286,0,3,2,2,0,0,1,0,1,1,7,1,11,1,5,9,26,2,10,15,41,3,89,21,-12,-12.5,29,3,0,1,0,74,564,529,261,147,115,6.5,307,5.8,118.2,0.76
842500,Detroit,MI,USA,USA,69,160,,,R,Czarnik,Austin,C,BOS,49,5,8,-10,2.7,12,13.01,68.4,6,0.913,973,1.79,1.98,47.5,-2,-0.19,119,6.1,3,3,6,30.7,29.8,19,30,-11,11,19,25,5.3,42.9,24.4,6,22,0,1,1,0,0,0,0,0,0,2,0,0,3,0,1,2,9,1,5,9,2,0,40,13,7,5,6,0,0,0,0,21,236,238,64,56,42,0.7,56,6.3,103.9,0.38
2000000,Olomouc,,CZE,CZE,70,190,2002,58,L,Hudler,Jiri,RW/LW,DAL,32,3,8,-3,-3.6,4,11.85,78.6,6.9,0.922,991,2.21,2.37,48.3,-1,-0.16,55,2.8,1,1,2,23.3,25.3,9,8,1,7,12,3,0.9,60,1.6,0,2,0,0,1,0,0,0,0,0,0,2,0,0,1,0,1,1,5,0,0,3,5,0,14,4,2,-0.1,2,0,0,0,0,15,116,113,49,36,18,0.7,16,10.5,119.4,0.28
2570000,Novokuznetsk,,RUS,RUS,71,212,2009,55,L,Orlov,Dmitry,D,WSH,82,6,27,30,6.5,51,19.53,38.8,10,0.929,1030,3.19,1.76,64.4,38,1.43,249,6.2,3,9,12,44.6,42.4,122,85,37,50,34,94,7.4,0,0,0,0,0,0,0,0,0,0,0,0,5,1,0,0,0,0,1,5,6,0,52,22,0,0,45,12,-12,-2.5,23,1,0,0,0,47,601,587,276,232,106,7.7,268,6.8,108,0.61
575000,Owen sound,ON,CAN,CAN,72,205,2005,95,R,Bass,Cody,C,NSH,9,0,0,-1,-1.8,19,6.77,0,0,0.971,971,0,0.99,0,-1,-0.99,3,0,0,0,0,57,56.6,14,10,4,1,2,4,5.8,0,3.6,0,0,0,0,0,0,0,0,0,0,0,0,0,0,0,0,0,0,0,0,0,1,0,0,0,1,-4,-1,2,3,0,0,0,1,42,35,9,6,6,-0.1,40,8,94.6,-0.21
1300000,Khabarovsk,,RUS,RUS,75,209,2012,12,L,Grigorenko,Mikhail,C,COL,75,10,13,-14,-9.8,18,14.09,67.6,6.9,0.904,974,1.93,2.95,39.5,-18,-1.02,147,8.4,6,4,10,31.6,28.4,27,60,-33,26,35,26,2.7,57.8,20.3,37,45,0,0,0,0,0,0,2,0,0,1,2,0,5,0,1,3,6,1,11,9,6,0,52,2,-7,-3.4,9,0,0,0,0,52,320,298,111,119,48,1.6,71,6.9,103.9,0.22
4000000,New Westminster,BC,CAN,CAN,73,190,2007,3,R,Turris,Kyle,C,OTT,78,27,28,-3,-4.5,47,19.49,72.4,9,0.924,1014,3,2.29,56.7,18,0.71,350,16.1,13,17,30,33.4,30.3,21,82,-61,57,25,61,4.4,53.1,81.9,198,255,2,4,6,2,0,0,1,0,5,7,1,1,12,1,7,10,12,1,44,38,5,3,82,13,-5,-0.3,16,1,0,1,0,58,588,477,253,150,92,6.5,130,2.9,117.2,0.65
925000,Grosse Pointe,MI,USA,USA,74,218,2015,8,L,Werenski,Zach,D,CBJ,78,11,36,17,10.7,14,20.88,48,10.5,0.923,1028,3.62,1.92,65.3,46,1.7,390,9.4,8,11,19,47.9,43,41,78,-37,40,27,90,7,0,0,0,0,1,1,1,0,0,0,0,0,1,4,0,0,6,1,1,12,6,0,36,43,0,0,103,4,-3,6.2,7,0,0,0,0,52,469,428,155,171,66,9.1,145,9.7,110.8,0.75
600000,Langley,BC,CAN,CAN,74,214,2011,18,R,McNeill,Mark,C/RW,DAL,1,0,0,-1,-0.2,0,13.81,0,0,0.833,833,0,4.34,0,-1,-4.34,1,0.2,0,0,0,15,14.1,0,3,-3,1,0,1,5.6,0,20,0,0,0,0,0,0,0,0,0,0,0,0,0,0,0,0,0,0,0,0,0,0,0,0,1,0,0,0,0,0,0,0,0,1,5,10,2,2,0,-0.1,1,0,117.3,-0.5
10000000,Kladno,,CZE,CZE,74,214,2007,7,L,Voracek,Jakub,RW,PHI,82,20,41,-24,-0.8,56,19.05,68.5,8.9,0.894,983,3.43,2.81,54.9,16,0.62,479,20.8,12,12,24,35.6,33.3,30,107,-77,56,24,22,1.8,21.4,0.8,0,1,2,1,3,2,1,2,1,2,3,4,2,0,8,1,4,12,15,3,61,78,6,5,85,25,8,9.4,13,2,0,1,1,73,478,616,259,124,102,5.6,110,4.2,120.7,0.74
925000,Orebro,,SWE,SWE,76,191,2015,29,L,Carlsson,Gabriel,D,CBJ,2,0,1,-2,0.3,0,17.13,50,10,0.692,792,3.5,7.01,33.3,-2,-3.5,6,0.1,0,0,0,60.3,59.5,5,3,2,0,0,2,7.1,0,0,0,0,0,0,0,0,0,0,0,0,0,0,0,0,0,0,0,1,0,0,0,3,0,0,0,0,0,0.2,0,0,0,0,0,4,16,16,4,2,3,0,7,0,108.6,0.34
3000000,Mississauga,ON,CAN,CAN,73,195,2002,57,L,Stajan,Matt,C,CGY,81,6,17,3,-0.9,40,12.68,76.7,8,0.902,982,1.75,2.81,38.5,-18,-1.05,108,6.6,4,9,13,25.6,25.6,60,39,21,22,30,39,4,50.1,85.1,170,68,0,0,3,0,0,0,0,0,0,1,4,0,1,0,1,5,4,0,6,4,12,0,33,13,-7,-13.1,20,0,0,0,0,48,453,336,145,136,67,1.6,139,4.5,99.4,0.23
832500,Calgary,AB,CAN,CAN,70,181,2013,24,L,Shinkaruk,Hunter,C/LW,CGY,7,0,1,-3,-0.7,2,10.58,100,3.2,0.886,918,0.81,3.24,20,-3,-2.43,11,0.6,1,0,1,26,23.1,3,10,-7,1,2,3,4.2,0,0,0,0,0,0,0,0,0,0,0,0,0,0,0,0,0,1,0,0,0,0,0,0,1,0,4,1,0,0,1,0,0,0,0,4,31,30,6,8,5,-0.1,8,5,102.9,-0.03
925000,TRENTON,MI,USA,USA,71,171,,,L,Molino,Griffen,C,VAN,5,0,0,-2,-1.3,0,10.59,0,0,0.938,938,0,2.27,0,-2,-2.27,7,0.4,0,0,0,27.3,20.9,1,2,-1,1,0,1,1.8,0,0,0,0,0,0,0,0,0,0,0,0,0,0,0,0,0,0,1,1,1,0,0,0,0,0,2,2,2,2,0,0,0,0,0,2,25,22,6,5,0,-0.2,2,0,109.9,-0.1
900000,Consort,AB,CAN,CAN,73,200,2007,21,R,Nash,Riley,C/RW,BOS,81,7,10,-1,4.9,14,13.77,68,5.3,0.912,965,1.34,2.42,35.7,-20,-1.08,,13.5,,12,,25.9,,67,120,-53,18,48,36,3.5,49.1,52.2,99,76,0,0,2,0,0,0,0,0,0,1,1,1,4,0,3,3,16,1,2,23,10,4,69,15,8,1.7,7,0,0,0,0,45,443,511,113,126,71,1,117,16.4,102.9,0.31
750000,Middletown,NJ,USA,USA,74,188,,,R,van Riemsdyk,Trevor,D,CHI,58,5,11,17,6.3,29,18.41,30.2,10.2,0.922,1024,2.98,2.31,56.4,12,0.67,161,4.4,6,8,14,44.3,42.9,22,83,-61,35,22,100,10.1,0,0,0,0,0,1,2,0,0,0,1,0,2,0,0,0,2,0,0,1,3,1,38,6,2,0,23,2,-7,0.3,7,1,0,1,0,41,254,502,166,134,45,4.3,152,6.3,109.6,0.41
832500,Klagenfurt,,AUT,SWE,75,205,2013,23,L,Burakovsky,Andre,LW/C,WSH,64,12,23,13,0,14,13.26,79.5,9.3,0.937,1030,3.11,1.63,65.7,21,1.49,222,10.7,7,20,27,30.4,28.5,31,79,-48,33,33,25,3.7,28.6,1,0,2,0,6,1,0,0,0,0,0,0,2,1,0,9,0,3,4,3,1,5,18,3,0,81,5,-2,-1.7,7,0,0,0,0,23,268,331,141,118,50,4.1,70,9.1,115.1,0.65
925000,Eau Claire,WI,USA,USA,72,200,,,L,Kapla,Michael,D,N.J,5,0,0,-1,-0.4,0,17.44,0,4.4,0.917,961,1.38,2.75,33.3,-2,-1.38,10,0.1,0,0,0,60,49.3,5,6,-1,3,2,5,7.1,0,0,0,0,0,0,0,0,0,0,0,0,0,0,0,0,0,0,0,0,0,0,0,1,0,0,3,0,0,0.5,0,0,0,0,0,4,42,47,13,8,7,0,10,0,103.2,0.23
1250000,Binscarth,MB,CAN,CAN,74,210,,,L,McLeod,Cody,LW/RW,COL/NSH,59,5,1,-3,-5.6,145,7.16,60,7.1,0.94,1012,1.42,1.85,43.5,-3,-0.43,47,2.8,3,2,5,28.5,25.1,150,37,113,2,4,14,3.4,0,0.3,0,0,0,2,0,0,0,0,0,0,0,0,2,0,3,0,0,1,6,0,1,2,4,1,16,7,-29,-19,15,19,0,1,1,13,337,216,35,31,57,0.4,328,10.3,94.5,-0.07
625000,Burnaby,BC,CAN,CAN,74,207,2011,57,L,Wotherspoon,Tyler,D,CGY,4,0,0,-2,1,0,10.9,0,0,0.889,889,0,2.75,0,-2,-2.75,8,0.2,1,0,1,46.3,45.9,3,4,-1,4,1,2,5.3,0,0,0,0,0,0,0,0,0,0,0,0,0,0,0,0,0,0,0,1,0,0,1,0,0,0,3,0,0,0.2,0,0,0,0,0,2,13,10,10,6,2,-0.1,5,0,97.7,-0.04
900000,Toronto,ON,CAN,CAN,72,190,1999,94,L,Kelly,Chris,C/LW,OTT,82,5,7,-17,-3.5,23,11.94,80,4.3,0.915,958,0.92,2.82,24.6,-31,-1.9,129,7.3,6,9,15,40.1,32.8,71,53,18,24,18,48,4.2,44.5,54,86,52,0,1,2,2,0,0,1,1,0,0,0,0,3,0,1,3,10,3,9,10,4,2,48,4,-6,-3.3,9,1,0,0,0,46,516,445,126,85,70,-0.4,143,9.9,107.5,0.01
5000000,St. Paul,MN,USA,USA,73,216,2007,12,L,McDonagh,Ryan,D,NYR,77,6,36,20,4.6,37,24.33,43.8,9.6,0.918,1014,3.08,2.44,55.8,20,0.64,321,9.9,7,15,22,48.2,42.3,80,86,-6,60,45,160,8.7,0,0,0,0,0,2,1,0,0,0,0,0,0,1,1,0,4,0,0,3,2,1,43,20,2,0,85,17,0,8.8,16,1,0,0,0,76,518,557,322,254,62,7.8,278,7.8,116.9,0.5
4500000,Smithtown,NY,USA,USA,70,185,2009,26,R,Palmieri,Kyle,RW/C/LW,N.J,80,26,27,2,-6,46,17.24,70.7,10.9,0.928,1036,3.31,2.07,61.5,28,1.23,366,19.4,7,13,20,30,29.1,124,107,16,32,29,36,3.1,41.4,1.9,2,10,0,5,3,1,0,0,0,1,2,6,4,0,13,0,5,7,13,1,33,61,10,2,72,31,15,11.4,13,2,0,1,0,47,420,457,195,127,72,7.1,208,11.8,107,0.66
2900000,Carp,ON,CAN,CAN,73,197,2009,12,L,de Haan,Calvin,D,NYI,82,5,20,15,9.2,36,19.83,33.3,9.9,0.91,1010,2.77,2.66,51,3,0.11,252,5.3,4,10,14,50.8,46,139,112,27,53,24,190,11.4,0,0,0,0,0,0,1,1,0,0,0,1,0,0,1,0,3,0,1,1,2,2,35,20,3,0,54,11,-4,2.6,13,2,0,0,0,72,790,623,260,184,92,5.4,367,12.5,113.1,0.38
575000,Methuen,MA,USA,USA,73,200,,,R,Thompson,Paul,RW,FLA,21,0,3,-4,-5,22,7.9,75,6.2,0.927,989,1.45,2.89,33.3,-4,-1.45,30,1.4,0,4,4,40.3,28.3,48,17,31,2,4,16,8.5,0,0.8,0,0,0,0,0,0,0,0,0,0,0,0,0,0,0,0,0,0,1,0,0,3,2,0,13,2,-6,-5,6,2,0,0,0,8,101,64,18,25,21,-0.1,88,8.7,113.5,-0.03
640000,Orangeville,ON,CAN,CAN,73,184,,,R,Mitchell,Zack,RW,MIN,11,0,0,-1,-0.6,0,8.43,0,0,0.976,976,0,0.65,0,-1,-0.65,14,0.8,1,0,1,28.1,27.4,14,10,4,1,2,3,3.4,57.9,23.5,3,4,0,0,0,0,0,0,0,0,0,0,0,0,0,0,0,1,1,0,0,1,0,1,7,0,0,0,0,0,0,0,0,1,36,42,6,9,7,-0.2,17,0,99.1,-0.02
5000000,Trencin,,SVK,SVK,81,250,1996,56,L,Chara,Zdeno,D,BOS,75,9,19,18,11.4,59,23.21,36.7,9.2,0.908,1000,2.74,2.88,48.8,-4,-0.14,277,5.6,4,10,14,53.8,47.8,130,97,33,61,35,138,8.1,0,0.1,0,0,0,2,0,1,0,0,0,0,3,4,0,0,2,0,1,7,6,0,47,28,0,1,53,16,-9,-6.7,22,3,0,0,0,83,605,650,262,227,122,8,332,7.5,112.3,0.55
5000000,Regina,SK,CAN,CAN,74,215,2000,6,L,Hartnell,Scott,LW,CBJ,78,13,24,14,6.6,63,12.06,77.1,9.4,0.928,1022,3.06,1.79,63.2,20,1.28,172,12.1,12,3,15,25.3,24.6,94,49,45,30,17,40,5.5,50,0.7,0,3,0,1,1,0,0,0,2,0,2,2,5,0,2,0,0,5,12,2,17,19,9,0,45,17,-6,-10.6,19,3,0,1,0,28,312,319,123,79,69,4.6,200,5.8,105.5,0.5
575000,Camrose,AB,CAN,CAN,71,180,,,L,Stollery,Karl,D,N.J,11,0,3,-5,0.8,13,16.92,37.5,8.8,0.867,955,2.58,3.22,44.4,-2,-0.64,23,0.7,0,1,1,56.3,33.3,26,15,11,6,3,16,11.1,0,0,0,0,0,0,0,0,0,0,0,0,0,0,0,0,0,0,0,1,0,0,6,4,0,0,1,5,0,0.1,4,1,0,0,0,10,80,76,28,22,12,0.2,56,7.3,99,0.15
3100000,Toronto,ON,CAN,CAN,70,184,2005,25,L,Cogliano,Andrew,LW/C/RW,ANA,82,16,19,11,10.6,26,15.13,72.9,7.2,0.928,1001,2.32,2.18,51.6,3,0.15,293,15.7,11,18,29,33.3,30.5,76,54,22,26,19,27,2.3,44.4,1.7,0,4,0,5,2,2,0,0,2,0,2,0,2,0,10,0,3,1,14,1,20,15,15,0,114,17,4,2.8,13,0,0,0,0,45,459,439,181,117,69,4.2,129,7.3,113.9,0.59
8000000,Vancouver,BC,CAN,CAN,75,236,2006,50,L,Lucic,Milan,LW,EDM,82,23,27,-3,0.9,50,17.15,58.1,10.4,0.918,1021,3.68,2.1,63.7,37,1.58,310,22.2,9,17,26,26.1,26.4,202,87,115,49,26,20,1.8,57.1,0.5,0,4,0,3,3,1,0,0,1,1,1,3,5,0,12,0,3,7,19,3,12,43,23,4,71,7,-9,-5.3,10,6,0,0,0,49,539,505,278,164,61,5.7,278,22.8,114.9,0.63
6000000,Guelph,ON,CAN,CAN,73,200,2007,9,L,Couture,Logan,C/LW,S.J,73,25,27,11,2.3,12,17.61,72.2,10.2,0.921,1023,3.37,2.1,61.5,27,1.26,329,18.6,9,15,24,29.6,27,57,81,-24,76,38,65,5.5,39.4,55.9,92,70,0,6,3,2,0,0,2,3,1,3,1,0,15,2,2,9,14,10,23,21,10,1,95,9,4,2.3,5,0,0,0,0,45,317,423,322,154,48,6.9,134,19.2,120.8,0.73
925000,Rauma,,FIN,FIN,71,172,2015,35,L,Aho,Sebastian,RW/LW,CAR,82,24,25,-1,5.1,26,16.71,69,9.4,0.911,1005,3.14,2.21,58.7,21,0.93,360,24.4,25,26,51,26,25.7,51,91,-42,56,40,14,1.4,48.6,2.7,1,5,1,5,4,2,0,0,1,2,4,7,1,0,9,0,2,3,26,8,17,47,12,7,97,22,9,7.2,13,0,0,0,0,50,373,493,236,203,53,5.9,91,7,108.8,0.71
3500000,Chur,,CHE,CHE,74,211,2010,5,L,Niederreiter,Nino,RW,MIN,82,25,32,17,14.3,53,15.06,68.7,11.6,0.916,1031,4.04,1.94,67.5,43,2.09,295,18.9,12,13,25,26.9,24,120,106,14,27,32,20,2.3,0,0.1,0,0,0,3,3,1,0,0,4,2,1,2,2,0,14,0,2,4,13,11,9,23,12,2,116,24,3,1.1,19,1,0,0,1,40,339,451,127,112,70,7.4,194,8,105.9,0.82
575000,Shawinigan,QC,CAN,CAN,71,198,2010,71,L,Bournival,Michael,LW,T.B,19,2,1,-3,0.7,2,10.14,100,3.2,0.927,958,0.93,1.87,33.3,-3,-0.93,46,2.7,2,2,4,32.5,20.2,31,26,5,3,6,8,4.9,33.3,1.6,0,1,0,0,0,0,0,0,0,0,0,0,1,0,1,1,0,4,1,0,3,5,4,0,12,1,0,-1,1,0,0,0,0,6,137,124,24,12,8,0.1,41,37,106.9,0.22
6000000,Vancouver,BC,CAN,CAN,74,211,2009,4,L,Kane,Evander,LW,BUF,70,28,15,-17,0.4,113,19.17,75.4,7.9,0.912,991,2.55,2.96,46.3,-9,-0.4,440,20.5,11,19,30,32.2,29,109,92,17,33,34,29,2.2,45.1,9.9,5,34,1,4,5,0,0,0,0,1,1,6,2,1,17,0,5,8,25,2,12,42,16,8,155,22,-15,-14.5,32,1,0,4,0,66,435,383,159,149,78,5.1,252,4.5,116.3,0.59
3000000,Helsingborg,,SWE,SWE,75,205,2012,6,L,Lindholm,Hampus,D,ANA,66,6,14,13,17.8,36,22.42,32.3,8.3,0.926,1009,2.52,1.95,56.4,14,0.57,203,6.3,4,6,10,48.5,38.6,98,119,-21,63,18,94,7.3,100,0.1,0,1,0,2,2,0,0,0,0,0,1,2,1,0,2,0,4,1,1,0,33,12,1,1,46,12,-6,1.2,18,0,0,0,0,48,690,522,227,126,88,5.6,228,6.4,109.6,0.5
725000,Chelyabinsk,,RUS,RUS,71,191,2011,148,L,Nesterov,Nikita,D,MTL/T.B,48,4,13,0,-3.4,24,16.28,53.1,8.2,0.922,1004,2.46,2.15,53.3,4,0.31,145,3.2,1,2,3,46.2,41.5,84,59,25,24,6,21,3.5,0,0,0,0,0,2,0,0,0,0,0,0,3,1,0,0,0,0,1,2,2,0,20,8,1,0,32,8,-4,0.3,12,0,0,0,0,28,334,343,128,71,62,3.1,129,7.5,106.5,0.47
667500,Sudbury,ON,CAN,CAN,72,198,2013,58,L,Bertuzzi,Tyler,LW,DET,7,0,0,-1,-0.5,0,9.1,0,4.8,0.931,979,0.94,1.88,33.3,-1,-0.94,8,0.4,0,0,0,41,32.1,12,11,1,3,1,0,0,50,3.5,0,0,0,0,0,0,0,0,0,0,0,0,0,0,0,0,0,1,1,0,1,1,0,0,0,1,1,1,0,0,0,0,0,2,31,38,9,2,5,-0.1,12,0,87.5,-0.1
4250000,Edmonton,AB,CAN,CAN,69,164,2008,156,R,Spurgeon,Jared,D,MIN,76,10,28,33,18.6,20,23.98,38.8,10.2,0.924,1027,3.24,2.22,59.4,31,1.03,272,9.6,8,6,14,45.1,39.2,49,124,-75,22,23,140,8.4,0,0,0,0,1,1,2,1,0,0,1,2,1,0,0,0,6,0,5,5,6,4,47,13,1,0,73,12,2,9.3,10,0,0,0,0,67,433,495,171,208,72,8.9,209,7.2,111.5,0.66
600000,Cesk_ Budejovice,,CZE,CZE,72,203,2011,158,L,Sedlak,Lukas,C/LW,CBJ,62,7,6,10,3.2,25,9.72,48.1,9.5,0.925,1020,2.69,2.09,56.3,6,0.6,116,7.5,7,7,14,22.2,19.9,66,62,4,10,15,28,5.2,52.4,85.2,94,63,0,1,0,0,1,1,4,1,0,1,0,0,1,0,2,1,10,3,2,12,9,4,17,10,-1,0.9,10,1,0,0,0,21,219,214,54,60,37,1.6,120,8.1,105.3,0.29
925000,Pickering,ON,CAN,CAN,70,185,,,L,Caggiula,Drake,LW/C,EDM,60,7,11,3,-2.6,16,13.23,54.5,8.2,0.935,1017,2.49,1.66,60,11,0.83,172,11.7,6,8,14,27.1,24.7,97,57,40,25,22,19,2.8,41.2,41.8,33,35,0,1,2,0,0,0,2,0,0,2,1,0,2,0,2,2,10,0,3,22,16,0,42,15,7,6.2,8,0,0,0,0,22,365,310,153,100,41,1.6,132,14.9,108,0.31
800000,Summerside,PE,CAN,CAN,72,193,2000,25,L,Ott,Steve,C/LW,DET/MTL,53,3,4,-8,-6.6,80,10.76,77.8,4.4,0.934,978,0.95,2.21,30,-12,-1.26,76,4,5,3,8,30.8,31.5,144,52,92,8,11,23,3.8,55,50.2,81,43,0,0,0,1,0,0,1,0,0,0,1,0,1,0,0,1,6,2,1,7,4,0,25,10,-14,-5.1,15,8,0,1,0,21,360,243,55,44,54,-0.1,255,10.3,102.8,0.05
10000000,Moscow,,RUS,RUS,75,239,2004,1,R,Ovechkin,Alex,LW/RW,WSH,82,33,36,6,1.5,50,18.35,65.1,11.3,0.912,1025,4.24,2.28,65,49,1.96,624,29,20,25,45,34.8,33.4,216,77,139,46,29,29,2.3,0,0.1,0,0,2,7,7,0,0,0,4,0,7,6,2,0,14,1,12,17,18,1,73,75,7,0,139,23,-2,-1.2,25,0,0,0,0,57,549,432,261,194,97,8.7,295,9.8,122.1,0.92
700000,Toronto,ON,CAN,CAN,72,193,2005,150,L,O'Reilly,Cal,C,BUF,11,0,1,-6,-1.2,0,7.93,50,6.1,0.841,902,1.38,4.81,22.2,-5,-3.44,5,0.2,0,0,0,31.7,19.6,2,2,0,2,3,3,3.8,48.5,97.1,10,9,0,0,0,0,0,0,0,0,0,0,0,0,0,0,0,0,0,0,1,0,2,0,0,1,1,0.1,0,0,0,0,0,7,35,30,13,12,3,-0.3,5,0,99,-0.1
5000000,St. Andrews,MB,CAN,CAN,72,196,2005,132,L,Helm,Darren,C,DET,50,8,9,-6,-3.3,20,15.28,53.1,9.3,0.903,996,2.54,3.17,44.4,-8,-0.63,163,8.7,1,8,9,27.9,26.7,71,61,9,20,17,18,2.5,51.4,57.5,62,86,0,1,1,1,0,0,0,0,1,4,0,0,3,0,0,6,10,1,18,18,3,1,47,17,9,6.4,8,0,0,0,0,40,257,269,104,58,39,1.4,109,11,108.4,0.36
840000,Belleville,ON,CAN,CAN,70,188,2011,68,L,Cousins,Nick,C/LW,PHI,60,6,10,-6,2,31,12,76.2,5.4,0.921,975,1.75,2.08,45.7,-4,-0.33,163,8.9,8,10,18,32.6,30.8,61,91,-30,14,15,24,3.9,41,34.9,26,35,0,2,0,0,0,0,0,1,0,2,1,0,2,0,1,1,7,5,10,22,10,0,45,26,12,4,13,1,0,0,0,25,326,404,106,54,41,1.1,117,5.8,115.1,0.37
600000,Maple Ridge,BC,CAN,CAN,69,187,,,L,Hunt,Brad,D,NSH/STL,12,1,5,-1,-1.5,2,14.5,50,15.6,0.901,1057,4.14,3.1,57.1,3,1.03,27,0.9,0,3,3,46.5,40.3,0,11,-11,3,4,3,1.9,0,0,0,0,0,0,0,0,0,0,0,0,1,0,0,0,0,0,0,0,0,0,9,1,0,0,4,0,-1,0.9,1,0,0,0,0,9,50,51,17,25,9,0.9,5,4,106.9,0.34
925000,Pembroke Pines,FL,USA,USA,71,180,2012,78,L,Gostisbehere,Shayne,D,PHI,76,7,32,-21,4.9,32,19.54,48.8,8.2,0.909,992,3.25,2.31,58.4,23,0.93,445,10.8,4,15,19,51.5,47.7,43,55,-12,70,18,94,8.3,0,0,0,0,0,1,1,0,0,0,0,0,4,2,0,0,1,1,5,14,1,1,79,56,0,0,61,18,2,9.2,16,0,0,0,0,57,513,660,250,115,79,5.2,169,3.8,121.5,0.64
660000,Glace Bay,NS,CAN,CAN,75,202,2011,76,R,Shaw,Logan,C/RW,ANA,55,3,7,3,-1.4,10,9.7,55.6,9.2,0.93,1021,2.02,2.14,48.6,-1,-0.11,91,4.6,6,5,11,35.6,30.8,62,33,29,7,10,18,3.4,37.9,31.4,12,23,0,0,1,0,0,0,0,0,0,1,0,0,2,1,2,1,4,2,16,1,7,0,29,2,-2,-3.2,4,0,0,0,0,19,362,214,67,37,22,0.7,90,18,100.3,0.14
2075000,St. Catharines,ON,CAN,CAN,75,226,2010,21,L,Sheahan,Riley,C,DET,80,2,11,-29,-6.2,14,13.91,41.9,6.4,0.902,966,1.69,2.99,36,-24,-1.31,193,10.9,6,11,17,27.1,25.8,81,102,-23,22,20,35,3.5,50.6,44.7,59,74,0,1,0,0,0,0,0,0,0,1,0,0,1,1,0,9,21,1,10,17,4,1,55,4,-2,-3,6,0,0,0,0,55,405,440,141,96,57,-1.2,133,16.8,103.4,0.1
7000000,Quebec City,QC,CAN,USA,72,202,2005,44,L,Stastny,Paul,C,STL,66,18,22,4,1.2,36,19.13,58,10.9,0.909,1018,3.28,2.43,57.5,18,0.86,172,13.1,12,5,17,21.2,18.2,51,37,14,9,24,35,3.3,55.7,98.3,285,251,0,3,5,0,0,0,1,1,0,0,6,0,10,0,4,1,15,3,1,9,15,1,68,5,-13,-9,18,0,0,0,0,51,314,394,113,124,91,4.5,122,4.2,106.3,0.62
5800000,Plymouth,MN,USA,USA,77,225,2004,5,R,Wheeler,Blake,RW,WPG,82,26,48,6,16.1,47,20,74.7,10.3,0.89,993,3.67,2.97,55.3,19,0.71,413,25.2,13,32,45,32.8,28.6,100,108,-11,43,39,51,3.8,45.7,5.4,7,28,0,5,4,3,0,0,2,1,2,5,2,0,14,1,3,7,15,10,38,30,9,1,156,19,-3,1.6,21,1,0,0,0,80,478,464,250,189,102,8.2,199,6.6,114.6,1
1150000,Riga,,LVA,LVA,74,200,2012,14,L,Girgensons,Zemgus,C/LW,BUF,75,7,9,-7,-0.5,18,13.16,72.7,5.4,0.918,971,1.34,2.86,31.9,-25,-1.52,189,10.4,8,13,21,27.3,26.5,120,105,15,16,17,26,2.6,47.2,61.6,82,78,0,3,0,0,0,0,5,0,0,0,1,0,1,0,2,3,23,1,10,15,7,0,56,19,11,7,8,0,0,0,0,47,469,340,121,77,54,0.8,164,17.1,105.6,0.2
925000,Waterford,MI,USA,USA,73,190,2014,15,L,Larkin,Dylan,C/LW,DET,80,17,15,-28,-2.9,37,16.08,69.6,7,0.89,960,2.17,3.06,41.4,-19,-0.89,306,14.8,12,10,22,31,29.7,67,90,-23,50,49,22,2.1,45.4,35.4,59,66,0,3,1,0,0,0,2,1,3,2,0,0,9,2,1,6,26,2,14,30,3,0,103,27,10,3.9,16,1,0,0,0,65,378,424,185,120,69,2.3,127,7.3,106.3,0.39
925000,Grand Forks,ND,USA,USA,74,201,2012,181,R,Ladue,Paul,D,L.A,22,0,8,-5,0.7,4,15.4,50,8.8,0.874,962,2.83,3.01,48.5,-1,-0.18,55,0.9,1,2,3,47.9,48,17,46,-29,12,3,13,5.3,0,0,0,0,0,0,0,0,0,0,0,0,0,0,0,0,0,0,0,0,2,0,5,4,0,0,16,2,0,1.9,2,0,0,0,0,17,156,200,50,22,17,1,34,10,106.8,0.49
5500000,Stockholm,,SWE,SWE,72,194,2000,29,L,Kronwall,Niklas,D,DET,57,2,11,-7,2.8,32,19.44,28.3,8,0.914,994,2.49,2.55,49.5,-1,-0.05,137,4.3,2,2,4,43.5,42.1,77,61,16,23,6,81,8.6,0,0,0,0,0,0,0,0,0,0,0,0,1,1,0,0,0,0,0,4,4,0,28,8,1,0,26,3,-13,-6.8,16,0,0,0,0,47,348,400,157,92,63,2.3,190,5.2,107.2,0.22
2800000,Praha,,CZE,CZE,74,215,2012,17,L,Hertl,Tomas,C/RW,S.J,49,10,12,-8,6.4,14,17.22,68.8,7.3,0.89,963,2.27,2.84,44.4,-8,-0.57,183,12.2,14,8,22,31.2,29.3,76,60,16,18,30,42,5.6,51.7,58.5,86,83,0,3,4,2,0,0,2,0,0,0,1,0,7,0,2,2,10,3,12,10,8,2,55,6,-1,-3,7,0,0,0,0,40,255,281,158,118,36,1.9,132,15.1,118.2,0.61
4350000,Milwaukee,WI,USA,USA,74,214,2004,13,R,Stafford,Drew,RW/LW,BOS/WPG,58,8,13,6,-2.3,24,13.57,55.3,9.6,0.938,1035,2.9,1.83,61.3,14,1.07,155,9,7,6,13,30.5,29.2,62,44,18,28,13,3,0.5,31.8,2.8,2,3,0,3,3,0,0,0,1,0,0,0,0,2,5,0,0,4,10,1,6,9,5,3,75,7,-5,-9.1,12,0,0,0,0,24,293,287,140,85,55,2.1,89,6.3,105.7,0.37
925000,Anaheim,CA,USA,USA,75,217,2013,31,L,McCoshen,Ian,D,FLA,3,0,1,0,-0.4,0,13.3,100,6.7,0.944,1011,1.49,1.49,50,0,0,1,0,0,0,0,0,,3,3,0,0,0,2,7.1,0,0,0,0,0,0,0,0,0,0,0,0,0,0,0,0,0,0,0,0,0,0,0,0,0,0,0,0,0,0.2,0,0,0,0,0,1,10,9,3,1,1,0.2,5,0,86.7,0.25
3275000,North York,ON,CAN,CAN,73,225,,,R,Ward,Joel,RW/C,S.J,78,10,19,-2,-2,30,15.87,65.9,8,0.916,996,2.14,2.33,47.8,-4,-0.19,208,14.8,11,10,21,25.1,20.9,61,93,-32,52,34,56,4.7,48.9,38.5,100,89,0,3,2,0,0,0,0,2,1,1,3,0,3,0,4,5,8,14,13,11,11,1,47,10,-5,-5,15,0,0,0,0,48,337,477,280,155,53,2.2,147,6.3,114.3,0.38
1200000,Toronto,ON,CAN,CAN,74,239,2006,18,R,Stewart,Chris,RW/LW,MIN,79,13,8,3,-10.6,94,10.38,80.8,8.6,0.953,1040,1.9,1.54,55.3,5,0.37,133,8.3,8,8,16,25.8,24.5,85,47,38,15,15,19,2.3,18.2,1.6,0,2,0,1,0,0,0,0,2,1,0,1,1,0,8,0,0,1,12,2,3,7,5,0,53,9,-15,-8.8,12,10,0,2,0,21,317,300,101,78,55,2.3,208,8.3,104.4,0.1
1300000,Sudbury,ON,CAN,CAN,71,181,1999,128,L,MacKenzie,Derek,C/LW,FLA,82,6,10,-7,-10.6,50,12.56,61.5,6.4,0.924,988,1.52,2.74,35.6,-21,-1.22,155,7.6,8,12,20,36.3,31,192,58,134,25,34,45,4.1,50,74.1,192,74,0,1,1,2,0,0,0,0,2,0,1,0,3,1,2,2,12,1,24,9,7,0,38,19,1,0.9,15,2,0,0,1,47,506,306,132,129,73,0.6,289,15.1,103.9,0.11
1300000,Moscow,,RUS,RUS,75,210,2011,205,R,Marchenko,Alexey,D,DET/TOR,41,1,7,7,-2.2,12,16.94,32,8.2,0.931,1013,2.16,2.33,48.1,-2,-0.17,80,1.9,2,3,5,51.6,44.8,22,43,-21,22,5,59,8,0,0,0,0,0,1,0,0,0,0,0,0,0,1,0,0,0,0,0,3,2,0,13,3,1,0,17,3,-3,1.1,6,0,0,0,0,27,223,254,96,68,33,2.3,93,4.5,111.6,0.2
650000,Lac La Biche,AB,CAN,CAN,74,217,,,L,Bourque,Rene,RW/LW,COL,65,12,6,-19,-9.4,56,13.94,60,6.6,0.897,963,1.99,3.05,39.5,-16,-1.06,194,11.5,9,6,15,27.8,27.8,75,42,33,12,24,26,3.3,0,0.6,0,0,1,0,2,0,0,0,0,0,1,0,4,0,7,0,2,3,14,1,9,6,9,3,70,8,-13,-3.7,18,2,0,0,1,46,335,243,85,109,61,1.2,159,5.5,108.7,0.23
5000000,Kitchener,ON,CAN,CAN,75,207,2011,7,R,Scheifele,Mark,C,WPG,79,32,50,18,8.8,38,20.43,72.6,12.6,0.894,1020,4.26,3.01,58.5,33,1.24,270,23,19,20,39,23.7,22.3,49,151,-103,42,66,34,2.5,43.5,92.5,182,244,2,3,5,2,0,0,0,0,3,7,1,0,21,0,7,13,10,11,10,26,5,0,98,31,12,11.7,19,0,0,0,0,80,471,485,257,197,108,10.3,121,6.1,113.5,0.91
692500,Plano,TX,USA,USA,71,200,2011,75,L,Coleman,Blake,C/LW,N.J,23,1,1,-7,-4,27,12.64,100,2,0.881,900,0.43,3.84,10,-16,-3.41,44,2.6,2,3,5,26.9,26.2,51,31,18,11,12,14,5.4,42.5,87.7,43,19,0,1,0,0,0,0,0,0,0,1,0,0,0,0,0,2,5,0,1,12,1,1,9,6,-6,-4,11,1,0,0,0,18,156,118,28,33,29,-0.4,94,5.7,93.3,-0.01
832500,Winterthur,,CHE,CHE,75,210,2013,18,L,Mueller,Mirco,D,S.J,4,1,1,2,-0.1,0,9.4,66.7,17.6,0.944,1121,4.84,1.61,75,2,3.23,6,0.1,0,0,0,68,63.7,2,2,0,2,2,3,8.3,0,0,0,0,0,0,0,0,0,0,0,0,1,0,0,0,0,0,0,0,0,0,1,1,0,0,1,3,3,2.2,0,0,0,0,0,1,14,19,12,3,1,0.5,5,0,111.3,0.76
775000,Thunder Bay,ON,CAN,USA,72,191,2005,36,L,Chorney,Taylor,D,WSH,18,1,4,8,-0.6,11,14.26,38.5,11.2,0.952,1064,3.04,1.64,65,6,1.4,34,0.9,0,0,0,50.9,43.5,27,26,1,7,3,29,10.9,0,0,0,0,0,0,1,0,0,0,0,0,1,0,0,0,0,0,0,0,0,0,7,3,0,0,9,0,-4,-2.8,3,1,0,0,0,7,112,117,32,21,16,1.5,68,10,112.2,0.24
4250000,Ornskoldsvik,,SWE,SWE,78,223,2009,2,L,Hedman,Victor,D,T.B,79,16,56,3,-3.4,47,24.45,61.5,11.8,0.913,1031,3.65,2.43,60,39,1.22,408,10.8,14,9,23,49.7,46.4,93,116,-23,73,39,132,8.3,0,0,0,0,2,4,5,2,0,0,0,0,4,2,2,0,8,2,1,8,4,0,72,17,4,0,69,21,-1,4.1,21,1,0,0,0,78,638,659,259,206,123,12,273,6.3,109.2,0.95
925000,Bronxville,NY,USA,USA,74,207,2013,42,R,Santini,Steven,D,N.J,38,2,5,-6,0.1,14,15.93,41.2,6.8,0.915,983,1.72,2.63,39.5,-9,-0.91,74,1.8,4,1,5,50,48.5,83,37,45,10,1,35,6.3,0,0,0,0,0,1,0,0,0,0,0,0,0,1,1,0,0,0,1,1,1,1,14,16,1,0,13,2,-5,-3.3,7,0,0,0,0,26,240,227,64,54,38,1.3,132,12,100.4,0.17
925000,Lewisville,TX,USA,USA,74,191,2012,36,L,Kerdiles,Nicolas,LW,ANA,1,0,0,1,-0.1,0,11.13,0,40,0.857,1257,10.78,5.39,66.7,1,5.39,1,0.1,0,0,0,0,17,0,0,0,2,0,2,12.5,100,9.1,1,0,0,0,0,0,0,0,0,0,0,0,0,0,0,0,0,0,0,0,0,0,0,0,0,0,0,0,0,0,0,0,0,1,3,3,3,0,1,0,2,0,134.8,-0.09
1000000,Regina,SK,CAN,CAN,73,213,2003,265,L,Glass,Tanner,LW,NYR,11,1,1,0,-1.3,17,10.93,100,4.5,0.948,994,1,1.49,40,-1,-0.5,18,1.3,4,0,4,22.8,24,37,14,23,0,2,4,3.6,100,1.8,1,0,0,0,0,0,0,0,0,0,1,0,0,0,0,0,0,0,2,0,2,0,0,0,4,0,-4,-1,1,3,0,0,0,3,73,50,13,13,10,0.1,61,39,101.1,0.13
692500,Pickering,ON,CAN,CAN,74,205,,,L,Renouf,Dan,D,DET,1,0,0,0,0.6,0,9.06,0,,,,,,0,0,,,,,,0,58,,3,,0,,,,,0,,0,0,0,0,0,0,0,0,0,0,0,0,0,0,0,0,0,0,0,0,1,0,0,0,0,0,0,0,0,0,0,0,0,,,,,,,0,3,0,,
900000,Sault Ste. Marie,ON,CAN,CAN,73,196,2012,151,R,Miller,Colin,D,BOS,61,6,7,0,13.5,55,15.78,38.2,6.1,0.909,970,2.12,1.87,53.1,4,0.25,,4.1,,8,,51.5,,85,,,30,19,36,5.5,0,0,0,0,0,1,0,0,0,0,0,0,3,0,0,0,3,1,2,6,2,0,51,12,0,0,20,14,-5,1.4,15,3,0,0,1,30,386,451,139,121,63,3.3,179,6.9,108,0.52
575000,Innisfil,ON,CAN,CAN,74,205,2011,86,R,Leivo,Josh,LW,TOR,13,2,8,2,3,4,12.57,90.9,9.6,0.912,1008,4.04,2.2,64.7,5,1.84,47,3.8,1,3,4,26.8,25.7,5,20,-15,2,11,4,3.3,50,1.2,0,1,0,1,0,0,0,0,0,0,0,1,1,0,0,0,0,1,0,1,0,15,4,0,7,4,2,2.3,2,0,0,0,0,6,77,94,32,28,14,1.1,13,8,113.9,0.86
667500,Omaha,NE,USA,USA,71,180,2013,77,L,Guentzel,Jake,C/LW,PIT,40,16,17,7,5.6,10,15.87,71.7,11.6,0.907,1023,4.36,2.94,59.7,15,1.42,136,11.5,11,5,16,20.8,20.7,61,85,-24,9,16,18,3,47.1,2.5,1,4,0,3,0,0,0,0,1,2,0,2,4,0,7,1,2,2,7,3,1,15,8,0,47,10,5,1.7,5,0,0,0,0,31,218,328,76,69,34,4.4,89,15.4,122.3,0.83
4000000,Detroit,MI,USA,USA,75,192,,,L,DeKeyser,Danny,D,DET,82,4,8,-22,-0.2,33,21.84,21.8,7.7,0.89,968,1.86,3.32,35.9,-43,-1.45,173,3.7,1,6,7,53.3,47.4,100,108,-10,45,15,168,9.7,0,0,0,0,1,0,2,0,0,0,0,1,1,0,0,0,2,0,0,5,2,1,29,12,0,0,41,10,-5,3.9,14,1,0,0,0,98,578,628,230,153,83,2,304,8.3,102.1,0.12
650000,Calgary,AB,CAN,CAN,72,195,2011,32,R,Rattie,Ty,RW,CAR/STL,9,0,2,-2,-1.5,0,10.74,100,4.2,0.917,958,1.24,2.48,33.3,-2,-1.24,15,0.6,1,1,2,33.5,28.7,10,7,3,0,4,4,4.4,0,0,0,0,0,0,0,0,0,0,0,0,0,0,0,0,0,0,0,0,0,0,1,3,2,0,4,3,3,3,0,0,0,0,0,4,37,43,11,14,3,0,14,0,106.8,0.23
1200000,Edmonton,AB,CAN,CAN,76,206,2010,36,R,Petrovic,Alex,D,FLA,49,1,13,-1,-1.9,79,18.13,40,7.9,0.919,998,2.37,2.57,47.9,-3,-0.2,110,1.9,1,1,2,53.6,51.1,106,72,34,27,16,55,6.8,0,0,0,0,0,0,0,0,0,0,0,0,0,0,0,0,1,0,0,1,1,0,31,6,0,0,17,13,-14,-10,22,3,0,1,1,38,344,275,123,131,64,2.7,243,5.5,105.5,0.28
667500,Kingsford,MI,USA,USA,76,212,2010,148,L,Gravel,Kevin,D,L.A,49,1,6,3,4.2,6,14.15,30.4,6.5,0.928,993,1.99,1.65,54.8,4,0.35,116,2.5,2,8,10,52.9,44.8,73,104,-31,24,2,65,12,0,0,0,0,0,0,0,0,0,0,0,0,0,0,0,0,1,1,0,3,0,0,19,8,0,0,25,6,3,6.7,3,0,0,0,0,19,381,382,88,51,51,2.3,144,25,106.4,0.38
667500,Edmonton,AB,CAN,CAN,73,186,2015,51,L,Guhle,Brendan,D,BUF,3,0,0,1,0.1,0,16.35,0,8.3,0.967,1050,2.45,1.22,66.7,1,1.22,9,0.2,0,0,0,55.3,50.5,3,3,0,0,0,8,15.1,0,0,0,0,0,0,0,0,0,0,0,0,0,0,0,0,0,0,0,0,0,0,0,0,0,0,4,0,0,0.2,0,0,0,0,0,1,20,18,4,1,3,0.1,11,0,111.3,0.08
6000000,Winnipeg,MB,CAN,CAN,73,192,2002,54,L,Keith,Duncan,D,CHI,80,6,47,22,-0.9,16,25.55,51.5,9.6,0.921,1017,3.04,2.45,55.4,20,0.59,384,8.8,2,6,8,53,47.9,24,81,-57,73,32,107,5.7,0,0,0,0,1,1,2,0,0,0,0,0,6,0,0,0,0,0,0,8,3,1,141,10,1,0,27,1,-7,4.6,8,0,0,0,0,83,377,702,315,231,91,9.5,147,7,112.4,0.67
925000,St. Gallen,,CHE,CHE,70,193,2014,11,L,Fiala,Kevin,LW,NSH,54,11,5,1,6.6,18,13.51,69.6,5.5,0.935,991,1.89,1.65,53.5,3,0.25,183,11.5,6,12,18,26.1,26.4,44,51,-7,27,39,14,2.4,0,0,0,0,0,3,1,0,0,0,3,0,0,0,1,0,7,0,0,6,11,0,4,15,3,1,80,8,-1,-1.5,9,0,0,0,0,20,241,280,106,98,49,1.8,76,9.2,112.6,0.49
600000,Spokane,WA,USA,USA,71,170,,,R,Ryan,Derek,C,CAR,67,11,18,-8,-2,22,14.79,70.7,8.3,0.908,991,2.51,2.33,51.9,3,0.18,134,10.1,11,4,15,25.2,23.4,33,74,-42,36,32,36,4.5,55.3,75.4,93,188,0,3,3,1,0,0,1,0,0,0,1,0,9,0,1,3,6,1,1,20,5,0,40,9,-1,-1.3,10,0,0,0,0,38,263,382,168,136,43,2.6,92,6.6,108.1,0.4
800000,Thunder Bay,ON,CAN,CAN,71,185,2005,107,L,Pyatt,Tom,LW/C,OTT,82,9,14,9,-1.2,16,15.61,62.2,7.3,0.927,1000,1.74,2.3,43,-12,-0.56,164,11,7,11,18,25,23.9,46,125,-79,20,35,89,6.2,42.9,3.6,4,8,0,1,1,1,0,0,2,0,0,1,3,0,3,0,2,3,20,1,6,10,6,4,48,15,7,8.8,8,0,0,0,0,49,489,485,202,140,62,1.8,151,10.1,111,0.21
4500000,Edmonton,AB,CAN,CAN,69,182,2010,147,R,Gallagher,Brendan,RW,MTL,64,10,19,7,9.7,39,15.1,59.2,8.2,0.939,1021,3.04,1.55,66.2,24,1.49,326,20.1,23,23,46,25.9,25.7,69,132,-63,25,33,15,1.9,40.5,7.2,2,25,0,2,2,0,0,0,0,0,0,2,3,1,4,0,3,3,20,1,10,21,14,2,119,20,5,0.7,14,1,0,0,0,25,348,483,176,110,61,3,124,7.3,117,0.7
925000,St. Clair,MI,USA,USA,69,188,2013,121,L,Motte,Tyler,LW/C,CHI,33,4,3,2,-2.6,14,11.39,63.6,8,0.922,1002,1.76,2.71,39.3,-6,-0.96,74,4.1,2,4,6,31.3,30.5,27,58,-31,4,13,24,5.8,40,2.8,3,0,0,0,0,0,0,0,0,0,0,1,0,0,3,0,0,3,1,0,0,3,1,1,40,5,-1,0,6,0,0,0,0,17,145,228,50,40,22,0.6,65,6.7,107.6,0.17
900000,Chesterfield,MO,USA,USA,70,168,2016,7,L,Keller,Clayton,C/LW,ARI,3,0,2,-3,-1.3,0,12.67,100,25,0.826,1076,3.16,6.31,33.3,-2,-3.16,0,0,0,0,0,0,,0,3,-3,0,1,0,0,0,0,0,0,0,0,0,0,0,0,0,0,0,0,0,0,0,0,0,0,0,0,0,0,0,0,0,0,0,0.1,0,0,0,0,0,4,13,14,5,2,1,0,0,0,105.8,-0.07
675000,Minneapolis,MN,USA,USA,74,205,,,R,Tennyson,Matt,D,CAR,45,0,6,-13,-5.6,6,13.27,28.6,7.9,0.891,971,2.11,3.42,38.2,-13,-1.31,82,1.4,3,5,8,50.3,46.7,65,98,-33,11,11,48,8.2,0,0,0,0,0,0,0,0,0,0,0,0,0,0,0,0,0,0,0,0,0,0,6,13,2,0,15,3,0,0.9,3,0,0,0,0,34,262,338,77,96,33,0.3,119,25.3,110.2,0.09
6000000,Toronto,ON,CAN,CAN,71,200,2010,7,L,Skinner,Jeff,LW/C/RW,CAR,79,37,26,-3,4.9,28,17.63,77.8,10.1,0.896,997,3.53,2.88,55.1,15,0.65,476,32.6,35,28,63,24.1,23.3,33,87,-55,65,64,28,2.4,37,2.1,1,4,0,3,4,1,1,1,7,1,5,9,1,0,14,3,7,4,44,10,45,63,14,3,102,34,20,14.2,14,0,0,0,0,66,363,483,269,268,61,8.8,89,7,116.8,0.91
600000,Coquitlam,BC,CAN,CAN,71,199,,,L,Street,Ben,C,DET,6,0,1,1,1.1,0,8.25,100,3.2,1,1032,1.21,0,100,1,1.21,11,0.9,1,0,1,33.4,32,3,6,-3,2,0,0,0,0,0,0,0,0,0,0,0,0,0,0,0,0,0,0,0,0,0,0,0,1,0,1,1,1,0,4,0,0,0,0,0,0,0,0,0,18,28,7,5,0,0.1,3,0,121.3,0.31
1000000,Turku,,FIN,FIN,73,193,2004,19,L,Korpikoski,Lauri,LW/RW,CBJ/DAL,69,8,12,5,-5,10,12.4,62.5,8.4,0.925,1009,2.25,2.53,47.1,-4,-0.28,178,10.1,9,8,17,31.8,29.2,37,63,-26,21,12,36,3.8,0,0.9,0,0,0,4,0,0,0,0,2,0,0,1,1,0,4,0,1,0,17,0,5,11,7,0,68,3,-2,-1.9,5,0,0,0,0,36,303,276,117,80,52,1.8,83,9.8,117.3,0.26
4000000,Bern,,CHE,CHE,71,191,2004,262,L,Streit,Mark,D,PHI/PIT,68,6,21,-12,3.1,28,18.73,49.1,7.5,0.921,995,2.59,2.17,54.5,9,0.42,224,7.3,9,3,12,48.4,45.5,38,91,-53,39,16,92,8.4,0,0,0,0,0,0,2,0,0,0,0,0,2,0,0,0,4,0,1,3,3,0,47,18,2,0,44,7,-7,0.2,14,0,0,0,0,46,503,567,177,117,71,3.9,158,3.9,116.3,0.44
792500,Berlin,,DEU,USA,69,180,2012,138,R,O'Regan,Daniel,C/LW,S.J,3,1,0,-2,-0.8,0,10.07,100,8.3,0.882,966,2.14,4.29,33.3,-1,-2.14,4,0.4,1,0,1,27.6,24.8,1,5,-4,0,2,1,2.9,46.9,96.2,2,9,0,0,0,0,0,0,0,1,0,0,0,0,0,0,0,0,0,1,2,1,0,0,1,0,0,0,0,0,0,0,0,2,7,14,2,3,1,0.1,3,0,135,0.12
1700000,G_vle,,SWE,SWE,71,186,2010,51,R,Jarnkrok,Calle,C,NSH,81,15,16,-1,6.1,25,15.71,60.8,9,0.914,1004,2.41,2.5,49,-2,-0.09,233,13.1,11,15,26,29,26.1,49,86,-37,22,23,29,2.5,49.4,68.6,156,120,1,3,1,0,0,0,2,0,0,1,1,0,11,0,2,11,9,4,10,13,13,0,85,17,6,1.6,10,1,0,0,0,53,367,446,168,141,58,2.9,104,7.2,106.7,0.44
600000,Waltham,MA,USA,USA,73,206,2006,65,L,Strait,Brian,D,WPG,5,0,2,-1,-0.5,0,15.9,50,14.3,0.917,1060,3.03,2.27,57.1,1,0.76,10,0.2,0,0,0,39.7,45.2,5,2,3,0,0,8,9,0,0,0,0,0,0,0,0,0,0,0,0,0,0,0,0,0,0,0,0,0,0,1,0,0,0,2,0,0,0.4,0,0,0,0,0,3,40,21,13,11,6,0.2,13,0,119,0.21
4000000,Windsor,ON,CAN,USA,73,207,2010,12,L,Fowler,Cam,D,ANA,80,11,28,7,5.4,20,24.79,39.4,9.9,0.919,1018,3.01,2.4,55.6,20,0.61,372,10.6,4,7,11,45.5,42.7,29,128,-99,68,30,134,7.2,0,0,0,0,0,1,3,0,0,0,0,0,4,3,0,0,4,1,4,4,3,0,67,24,3,2,87,7,-3,5.2,10,0,0,0,0,79,610,638,315,162,115,8.3,183,5.9,114.4,0.57
3667000,Sodertalje,,SWE,SWE,71,186,2007,168,L,Hagelin,Carl,LW,PIT,61,6,16,10,7.1,16,15.48,56.4,7.9,0.914,993,2.48,2.74,47.6,-4,-0.25,200,10.8,9,9,18,30.5,28.5,66,76,-10,21,19,24,2.6,50,0.6,1,2,0,0,2,1,0,1,0,0,1,2,0,0,3,0,0,7,13,0,14,28,7,2,64,14,6,5.7,8,0,0,0,0,43,318,420,129,112,50,1.5,106,10.6,112.5,0.54
832500,Ste-Agathe,QC,CAN,CAN,71,188,2013,3,L,Drouin,Jonathan,LW,T.B,73,21,32,-13,-1.5,16,17.69,71.6,10.3,0.909,1012,3.44,2.33,59.7,24,1.12,323,14.3,6,16,22,31.6,28.8,50,67,-17,65,45,16,1.7,43.6,17.7,19,62,1,3,6,1,0,0,3,0,4,3,1,0,10,3,7,18,19,1,33,28,1,0,101,13,5,3.8,8,0,0,0,0,50,416,409,220,134,90,5.5,82,11.9,107.2,0.73
3000000,Karlstad,,SWE,SWE,75,220,2011,19,L,Klefbom,Oscar,D,EDM,82,12,26,7,7.3,6,22.32,35.8,10.8,0.906,1014,3.49,2.67,56.7,25,0.82,398,8.9,5,11,16,48.8,47,43,151,-108,67,29,146,8.9,0,0,0,0,0,2,3,0,0,0,1,0,7,3,0,0,1,0,4,5,8,0,85,35,0,0,73,5,2,9.6,3,0,0,0,0,81,741,638,332,217,93,7.6,195,24,112.9,0.61
5400000,Arlington,TX,USA,USA,76,220,2013,4,R,Jones,Seth,D,CBJ,75,12,30,6,6.9,24,23.37,56,8.6,0.908,994,2.57,2.57,50,0,0,297,7.6,4,6,10,49,44.2,61,88,-27,44,32,118,7.5,0,0,0,0,3,2,3,0,0,0,0,0,3,1,0,0,8,1,1,4,4,0,50,28,2,0,68,11,0,7.4,11,0,0,0,0,75,530,473,185,198,85,7.8,203,8.5,109,0.69
5000000,Boxford,MA,USA,USA,75,228,2009,19,L,Kreider,Chris,LW/C,NYR,75,28,25,6,7.3,58,17,70.7,9.5,0.903,999,3.53,2.26,61,27,1.27,318,25.8,20,10,30,23.2,21.6,132,86,46,33,17,30,3.2,55.6,0.7,1,4,1,7,4,0,0,0,2,1,2,5,9,0,9,0,3,3,16,5,9,41,31,1,83,19,-7,-7.6,24,2,0,0,0,48,418,429,225,130,63,6.8,222,6.2,113.4,0.8
1650000,Vanier,ON,CAN,CAN,76,215,2009,54,L,Gelinas,Eric,D,COL,27,0,1,-4,-6.1,12,11.57,10,6.8,0.925,993,1.92,2.5,43.5,-3,-0.58,62,1.2,0,1,1,61.2,49,32,23,9,6,3,16,5.6,0,0.4,0,0,0,0,0,0,0,0,0,0,0,0,0,0,0,0,0,0,1,1,13,3,0,0,11,1,-5,-3.5,6,0,0,0,0,13,162,110,43,50,20,0.2,60,5.8,106,0.05
792500,Tarrytown,NY,USA,USA,75,200,2013,66,R,Pesce,Brett,D,CAR,82,2,18,23,9.8,20,21.08,24.7,10,0.914,1014,2.85,2.28,55.5,16,0.56,265,4.5,4,10,14,51.4,47.2,57,134,-78,34,54,146,9.9,0,0,0,0,0,0,0,0,0,0,0,1,1,0,0,0,0,1,1,4,0,2,33,28,0,0,45,12,2,11.8,10,0,0,0,0,65,490,677,256,283,65,6.5,225,11.2,106.9,0.49
925000,Buffalo,NY,USA,USA,72,190,2013,159,L,Malone,Sean,C,BUF,1,0,0,0,0,0,12.2,0,0,1,1000,0,0,0,0,0,2,0.2,0,0,0,14,13,0,1,-1,1,0,1,16.7,62.5,88.9,1,2,0,0,0,0,0,0,0,0,0,0,0,0,0,0,0,0,0,0,0,0,0,0,1,0,0,0,0,0,0,0,0,0,0,4,4,1,0,0,1,0,78.7,0.4
3500000,Laurier-Station,QC,CAN,CAN,67,176,,,L,Desharnais,David,C,EDM/MTL,49,6,8,4,-2.5,12,12.46,53.8,9,0.936,1026,2.56,1.77,59.1,8,0.79,72,5.1,5,6,11,24.3,23.6,5,32,-27,12,21,15,2.9,51.2,61.8,45,65,0,0,1,0,0,0,0,0,0,0,0,0,6,0,0,0,5,1,2,3,3,1,31,5,-1,-1.4,6,0,0,0,0,18,283,319,127,81,43,1.4,32,4.3,103.8,0.28
4000000,Greenwich,CT,USA,USA,73,221,2008,7,L,Wilson,Colin,LW/C,NSH,70,12,23,7,5.4,18,14.94,57.4,10.4,0.916,1020,3.51,2.24,61,22,1.26,184,14.6,15,10,25,22.3,21.4,50,88,-38,25,23,23,2.8,41,3.9,2,8,0,1,0,0,0,0,4,0,0,0,3,0,5,1,1,4,23,1,2,10,9,3,65,7,-2,1.8,9,0,0,0,0,39,321,362,142,104,52,3.8,91,8.1,112.2,0.56
2600000,Dorchester,MA,USA,USA,77,215,2010,24,L,Hayes,Kevin,C/RW,NYR,76,17,32,10,-13.7,18,16.55,69,13.2,0.901,1033,3.39,3.1,52.2,6,0.29,246,13.8,8,19,27,29.8,27.4,40,71,-31,66,54,30,2.4,45.7,82.7,195,106,0,2,4,1,0,0,1,0,2,3,3,0,8,0,2,5,9,2,12,24,8,4,84,9,0,1.3,9,0,0,0,0,65,397,356,247,185,65,5.3,88,10.4,108.1,0.43
3500000,Pisek,,CZE,CZE,78,226,2005,17,L,Hanzal,Martin,C,ARI/MIN,71,20,19,-17,-4.4,53,17.71,66.1,8.8,0.889,977,2.82,3.25,46.5,-9,-0.43,272,21.5,22,9,31,28.9,23.8,145,70,75,30,31,58,5.2,56.4,94,267,246,1,3,2,0,0,0,6,1,0,1,5,1,6,0,2,4,19,2,5,11,19,5,108,26,1,5,24,1,0,0,0,68,449,338,141,93,82,3.7,257,7.3,113,0.61
925000,Sewell,NJ,USA,USA,71,183,2014,19,R,Deangelo,Anthony,D,ARI,39,5,9,-13,-7.6,37,17.08,53.8,7.1,0.926,997,2.35,2.44,49.1,-1,-0.09,111,2.7,1,2,3,48.8,45.5,31,20,11,22,4,48,7.4,0,0,0,0,0,1,1,0,0,0,0,0,1,2,0,0,2,0,0,3,3,0,10,6,0,0,41,6,-3,4,6,1,0,0,2,27,234,207,95,54,30,1.7,117,5.8,119.4,0.25
575000,Markham,ON,CAN,CAN,72,192,2012,71,L,Richard,Tanner,C,T.B,3,0,0,-2,-0.3,2,12.7,0,0,0.818,818,0,3.15,0,-2,-3.15,3,0.1,0,0,0,41,31.1,6,6,0,1,2,2,7.7,43.3,96.8,2,5,0,0,0,0,0,0,0,0,0,0,0,0,0,0,0,0,0,0,0,0,0,0,1,0,-1,-0.9,1,0,0,0,0,2,17,21,7,6,4,-0.1,10,8,88.2,-0.06
620000,Pontiac,MI,USA,USA,71,192,2010,80,R,Rust,Bryan,RW,PIT,57,15,13,4,2.2,8,13.63,68.3,9.8,0.909,1007,3.17,3.09,50.6,1,0.08,188,12.3,13,8,21,25.1,22.4,101,119,-18,16,18,29,3.8,40,0.6,1,0,1,2,1,2,1,1,6,1,0,1,1,0,6,0,0,4,21,1,9,13,7,7,52,17,13,6,4,0,0,0,0,40,347,431,104,82,31,3.3,138,29.8,117,0.58
2500000,Los Angeles,CA,USA,USA,74,210,,,R,Miller,Kevan,D,BOS,58,3,10,1,10.2,50,17.74,37.1,7.3,0.904,977,2.04,2.45,45.5,-7,-0.41,105,1.4,3,4,7,55,51.8,121,,,21,7,76,8.5,0,0,0,0,0,1,1,0,0,0,0,0,0,1,0,0,2,0,1,1,2,0,14,11,0,0,22,6,-12,-3.6,14,4,0,0,0,42,460,522,138,131,69,3.1,251,9.1,103.7,0.34
3800000,Kitchener,ON,CAN,CAN,72,180,2009,130,L,Hoffman,Mike,LW/C,OTT,74,26,35,17,-1.2,51,17.59,69.3,11.6,0.93,1046,4.06,1.75,69.8,50,2.31,415,19.1,16,28,44,35.9,33.9,41,49,-8,54,45,21,2.1,57.1,1.5,0,6,1,7,8,0,0,0,1,1,7,9,1,0,7,2,7,16,15,3,53,52,10,0,91,8,-12,-8.2,18,1,0,0,1,38,430,410,241,159,72,8.3,114,4.8,113,0.84
792500,Ivry-sur-Seine,,FRA,FRA,71,191,,,L,Auvitu,Yohann,D/LW,N.J,25,2,2,1,0.1,2,15.59,30.8,6.1,0.944,1005,2,1.54,56.5,3,0.46,87,1.7,0,5,5,53.2,51.8,20,12,8,13,7,9,3.1,0,0,0,0,0,0,0,0,0,0,0,0,2,0,0,0,0,0,0,2,1,0,19,16,0,1,17,0,-1,1.3,1,0,0,0,0,10,130,169,58,40,26,1.3,31,27,101.7,0.31
575000,Toronto,ON,CAN,CAN,71,174,2007,164,R,Didomenico,Chris,C/RW,OTT,3,0,0,0,0.1,6,11.01,0,6.7,1,1067,1.82,0,100,1,1.82,7,0.7,0,2,2,13.4,13.2,2,5,-3,0,0,2,7.4,66.7,12.5,1,1,0,0,0,0,0,0,0,0,0,0,0,0,0,0,0,0,0,0,0,0,1,0,4,2,-1,0,3,0,0,0,0,0,9,10,4,4,3,-0.1,10,0.7,107.2,0.26
575000,North Vancouver,BC,CAN,CAN,73,200,2012,50,R,Sissons,Colton,C,NSH,58,8,2,11,-2.5,12,11.12,41.7,9.6,0.946,1042,2.23,1.67,57.1,6,0.56,73,5.6,5,3,8,22.2,22.6,104,58,46,11,12,24,3.7,50,62.4,91,34,0,2,1,1,0,0,1,0,0,1,1,0,5,0,0,2,6,1,4,2,4,1,24,5,0,1.9,5,0,0,0,0,18,347,299,81,47,43,1.4,140,23.2,102.9,0.12
742500,Moscow,,RUS,RUS,72,180,2014,33,L,Barbashev,Ivan,C,STL,30,5,7,5,2.4,2,11.79,75,9.5,0.943,1038,2.71,1.53,64,7,1.19,41,2.9,3,4,7,22.9,22.2,34,35,-1,3,9,14,4.7,40.1,79.9,24,28,0,2,1,0,0,0,0,0,0,1,1,0,3,0,1,0,2,2,0,2,3,0,11,5,4,3.3,1,0,0,0,0,9,157,172,25,35,16,1.5,50,43,104.2,0.35
5750000,Victoria,BC,CAN,CAN,74,210,2007,129,L,Benn,Jamie,LW,DAL,77,26,43,-9,-6.5,66,19.36,80.2,10.1,0.886,987,3.47,3.27,51.5,5,0.2,359,22.3,23,19,42,29.3,25.5,89,56,33,55,55,47,3.4,51.5,23.7,64,113,2,3,4,0,0,0,4,0,1,2,3,1,15,6,5,9,18,6,12,25,12,3,125,19,-7,-2.3,22,4,0,0,0,81,394,328,267,175,76,7.5,206,6.5,120.1,0.8
800000,North Vancouver,BC,CAN,CAN,72,200,,,L,Kearns,Bracken,C,NYI,2,0,0,-1,-0.7,2,11.19,0,0,0.933,933,0,2.68,0,-1,-2.68,5,0.2,0,0,0,50.7,37.8,5,5,0,0,0,2,6.7,58.8,94.4,2,3,0,0,0,0,0,0,0,0,0,0,0,0,0,0,0,0,0,0,0,0,0,0,3,0,-1,-1,1,0,0,0,0,1,13,9,3,1,1,-0.1,9,5,107.2,-0.47
675000,Milford,MI,USA,USA,71,200,2011,129,L,Pietila,Blake,LW/C,N.J,10,0,1,-5,-3.5,4,12.18,50,4.7,0.869,915,1.09,4.36,20,-6,-3.27,17,0.7,0,1,1,30.3,29,16,12,2,1,4,3,3,51.1,45.5,6,9,0,0,0,0,0,0,0,0,0,0,0,0,0,0,0,0,3,0,0,3,0,0,3,2,0,-1,2,0,0,0,0,8,60,53,9,14,9,-0.3,25,10,93.8,-0.11
4050000,Minnetonka,MN,USA,USA,74,200,2008,17,L,Gardiner,Jake,D,TOR,82,9,34,24,7.8,34,21.4,39.1,10.7,0.933,1041,3.77,1.88,66.7,55,1.88,326,6.6,8,14,22,53.6,48.4,69,,,79,44,83,5.5,0,0,0,0,2,2,2,0,0,0,0,0,3,3,0,0,3,1,1,6,1,0,57,36,0,1,32,7,-10,-1.2,17,0,0,0,0,55,568,840,278,248,105,8.7,186,6.6,119,0.59
742500,Nizhny Tagil,,RUS,RUS,71,190,,,L,Soshnikov,Nikita,RW,TOR,56,5,4,1,-1.1,16,10.76,50,6.8,0.945,1014,1.79,1.6,52.9,2,0.2,133,7.6,3,8,11,32.6,30.4,101,93,7,15,20,27,4.7,11.8,3.1,1,1,0,0,0,0,0,0,2,0,0,2,0,0,1,0,2,6,9,0,1,33,2,1,24,7,-1,-2.7,8,0,0,0,0,16,436,363,78,74,51,0.5,145,15.1,107.5,0.19
575000,Hamilton,ON,CAN,CAN,74,203,,,L,McEneny,Evan,D,VAN,1,0,0,-1,0.5,0,15.13,0,16.7,0.667,833,3.97,7.94,33.3,-1,-3.97,1,0,0,0,0,62,61.7,0,1,-1,0,0,0,0,0,0,0,0,0,0,0,0,0,0,0,0,0,0,0,0,0,0,0,0,0,0,1,0,0,0,0,0,0,0.1,0,0,0,0,0,2,5,2,3,1,2,-0.1,0,0,83.3,-0.13
2600000,Evanston,IL,USA,USA,72,200,2008,177,R,Wingels,Tommy,C/RW/LW,OTT/S.J,73,7,5,-11,0.6,27,10.5,63.2,5.8,0.894,952,1.49,2.97,33.3,-19,-1.49,116,7.2,2,6,8,26.1,24.6,126,112,13,15,13,46,6.2,42.7,41.2,30,41,0,0,2,0,0,0,2,0,2,1,1,0,1,0,0,2,8,4,4,16,8,5,36,16,4,-2.1,11,1,0,0,0,38,411,394,122,74,37,0.4,201,12.6,105.8,0.17
800000,Edmonton,AB,CAN,CAN,72,199,2011,23,L,Morrow,Joe,D,BOS,17,0,1,-4,-0.5,8,15.53,25,3.3,0.935,969,0.91,1.82,33.3,-4,-0.91,39,0.8,0,1,1,51.1,47.8,29,30,-1,7,1,19,8.1,0,0,0,0,0,0,0,0,0,0,0,0,0,0,0,0,0,0,1,1,1,0,6,2,0,0,10,2,-2,0.2,4,0,0,0,0,8,147,115,24,17,17,0.1,56,7.5,108.4,0.2
832500,Winchester,ON,CAN,CAN,74,193,2012,10,L,Koekkoek,Slater,D,T.B,29,0,4,-4,-1.1,8,12.98,33.3,7,0.911,981,1.91,2.71,41.4,-5,-0.8,68,0.9,1,1,2,49.9,46.8,25,54,-29,7,1,27,7.7,0,0,0,0,0,0,0,0,0,0,0,0,0,0,0,0,0,0,0,1,2,0,5,5,0,1,14,4,0,2.8,4,0,0,0,0,17,157,186,46,32,32,0.5,60,6.5,105.2,0.13
925000,Alvkarleby,,SWE,FIN,76,203,2016,4,R,Puljujarvi,Jesse,RW,EDM,28,1,7,5,2.3,10,11.25,66.7,7.4,0.955,1029,2.29,1.14,66.7,6,1.14,69,3.3,0,5,5,39.8,36.5,11,21,-10,10,12,10,4.2,0,0.4,0,0,0,0,0,0,0,0,0,0,0,1,0,0,0,0,1,3,0,0,3,14,2,1,21,3,-2,-1.7,5,0,0,0,0,6,144,127,50,31,15,0.7,31,4.6,103.6,0.41
4400000,Helsinki,,FIN,FIN,74,212,2008,65,L,Lehtera,Jori,C,STL,64,7,15,-6,-0.4,34,15.17,44.9,10,0.9,1000,3.03,2.78,52.1,4,0.25,100,7.3,5,7,12,22.4,20.4,64,80,-16,14,21,29,3.5,49.2,88.2,81,192,0,0,1,1,0,0,0,0,0,0,3,0,4,0,0,0,12,0,5,4,7,1,38,17,1,-3,16,0,0,0,0,45,282,360,100,84,54,1.4,127,5.3,106.1,0.33
2400000,Dublin,OH,USA,USA,76,212,2011,20,R,Murphy,Connor,D,ARI,77,2,15,-13,-6.6,45,19.17,34,8,0.906,986,2.04,3.18,39.1,-28,-1.14,186,3.5,9,4,13,55.9,51.2,201,144,57,31,13,119,7.6,0,0,0,0,1,0,1,1,0,0,0,0,0,0,0,0,2,1,1,2,0,0,32,8,0,0,41,15,-6,-6.4,20,1,0,0,0,78,645,510,179,114,103,2.5,366,10.7,110.1,0.13
5000000,North York,ON,CAN,CAN,73,200,2003,263,L,Moulson,Matt,LW,BUF,81,14,18,-4,2.9,10,11.59,66.7,8.5,0.933,1017,3.07,1.73,64,21,1.34,200,16.4,17,9,26,25.1,23.7,37,29,8,12,18,18,2.6,25,0.4,0,0,0,3,2,0,0,0,2,1,1,1,0,0,9,0,4,2,13,4,9,20,13,1,74,5,0,5.2,5,0,0,0,0,27,326,299,115,87,34,3.5,65,11,107.4,0.4
2500000,Hamilton,ON,CAN,CAN,70,180,2009,11,R,Ellis,Ryan,D,NSH,71,16,22,17,-5.3,29,23.92,42.7,10.4,0.926,1031,3.15,2.37,57.1,22,0.78,281,8.2,1,10,11,47.3,41.6,64,68,-4,41,37,137,8.2,0,0,0,0,0,5,3,0,0,0,0,0,10,1,0,0,5,1,3,7,5,2,79,11,0,0,43,22,13,19.4,7,1,0,0,1,67,484,473,226,182,81,8.7,231,14.4,115.7,0.64
600000,Brampton,ON,CAN,CAN,70,195,2007,132,L,Terry,Chris,LW/RW,MTL,14,2,2,-1,-0.2,4,9.87,80,6.8,0.906,973,2.18,2.18,50,0,0,24,1.8,2,1,3,23.3,21.1,10,19,-9,8,5,1,1,50,1.8,0,1,0,0,0,0,0,0,0,0,0,0,0,0,2,0,1,0,4,0,1,0,1,0,9,2,0,-1,2,0,0,0,0,5,65,67,26,19,11,0.4,15,7.5,94.2,0.33
600000,Burlington,ON,CAN,CAN,73,197,,,R,Jooris,Josh,RW/C,ARI/NYR,54,4,8,-2,-6.3,16,12.2,63.2,7,0.911,981,1.73,3.28,34.5,-17,-1.55,119,4.6,4,5,9,37.6,32.2,49,58,-9,5,10,30,3.9,49.3,69.9,88,59,0,2,0,0,0,0,0,0,0,0,1,0,3,0,0,1,8,0,10,6,4,3,44,12,4,4.8,8,0,0,0,0,36,300,228,69,58,31,0.6,95,7.4,113.9,0.14
1250000,Edmonton,AB,CAN,CAN,71,205,,,L,Fiddler,Vernon,C/LW,N.J/NSH,59,2,2,-15,-6.3,66,11.59,33.3,5.6,0.896,952,1.06,3.7,22.2,-30,-2.64,87,3.8,1,5,6,30.6,28.4,57,64,-7,21,12,33,4.4,53.7,90.1,196,46,0,0,0,0,0,0,1,0,0,0,0,0,1,0,0,1,4,0,6,15,2,0,21,20,-1,-5.1,17,2,0,2,0,42,280,269,82,63,60,-0.9,158,4.1,101.4,-0.05
925000,Georgetown,ON,CAN,CAN,74,205,2013,29,L,Dickinson,Jason,C,DAL,10,2,0,-3,1.3,0,11.79,100,3.6,0.898,934,1.02,2.54,28.6,-3,-1.53,19,1.2,1,0,1,23.7,22.1,8,19,-11,0,3,4,4.5,30.8,13.1,0,3,0,0,0,0,0,0,0,0,0,0,0,0,2,0,1,0,1,0,0,1,1,0,6,3,3,3,0,0,0,0,0,5,35,64,13,18,3,0.1,12,0,97.1,0.29
1750000,St. Agapit,QC,CAN,CAN,73,198,2000,55,L,Vermette,Antoine,C/LW,ANA,72,9,19,-7,0,42,15.9,57.1,8.5,0.915,1000,2.57,2.46,51,2,0.1,162,10.5,10,6,16,28.5,25.6,51,74,-23,28,14,45,4.3,62.3,89.7,330,247,0,0,1,0,0,0,0,0,1,1,3,0,4,0,0,1,10,1,13,6,12,0,46,11,-6,-4.3,16,0,0,0,1,47,524,459,213,80,79,2,138,4.1,112.5,0.38
575000,Traverse City,MI,USA,USA,74,208,2008,184,R,Redmond,Zach,D,MTL,16,0,5,6,3.6,2,12.31,41.7,12.2,0.9,1022,3.66,2.13,63.2,5,1.52,35,0.6,1,3,4,57.4,43.8,25,24,1,6,5,13,9.3,0,0,0,0,0,0,0,0,0,0,0,0,0,0,0,0,0,0,0,0,0,0,4,0,0,0,8,0,-1,0,1,0,0,0,0,7,66,106,36,24,8,1.2,40,30,99.7,0.48
2000000,Edmonton,AB,CAN,CAN,72,195,,,L,Garbutt,Ryan,C/LW,ANA,27,2,1,-3,-2.3,20,9.16,42.9,7.2,0.906,979,1.7,3.16,35,-6,-1.46,57,1.9,1,5,6,34.5,38.3,53,26,27,3,3,12,4.5,63.6,4.8,1,3,0,0,1,0,0,0,0,0,0,1,0,0,1,0,0,0,2,0,3,7,1,0,13,4,-6,-5,10,0,0,0,0,13,174,119,31,11,38,0,85,5.6,108.8,0.04
650000,Ellwood City,PA,USA,USA,76,230,2010,60,R,Johns,Stephen,D,DAL,61,4,6,-10,2.7,36,18.23,27,7.4,0.9,974,2,2.76,42,-14,-0.76,201,3.7,5,9,14,48.9,46.1,159,79,80,45,20,130,11.7,0,0,0,0,0,2,1,0,0,0,0,0,1,0,0,0,3,0,1,8,5,0,30,7,0,0,49,7,-8,-3,13,2,0,0,0,51,431,325,176,117,62,1.3,327,13.8,114.1,0.33
3500000,Windsor,ON,CAN,CAN,75,220,2008,148,L,Martin,Matt,LW/RW,TOR,82,5,4,0,-3.3,123,8.88,45,6.5,0.938,1003,1.64,1.81,47.6,-2,-0.16,112,7.3,6,3,9,31.5,29.2,300,108,191,13,16,26,3.8,0,1.7,0,0,0,1,0,0,0,0,0,0,0,2,2,0,1,0,0,3,5,2,0,26,8,0,25,21,-13,-16,19,13,0,2,0,22,597,463,106,81,65,0.2,462,16.6,104.8,0.09
2000000,Salt Lake City,UT,USA,USA,73,201,2006,17,R,Lewis,Trevor,C/RW/LW,L.A,82,12,12,-6,6.8,30,14.26,66.7,6.6,0.908,973,1.85,2.31,44.4,-9,-0.46,248,14.9,20,9,29,31.4,27.6,174,158,16,12,18,30,3.2,40,10,7,22,0,0,3,0,0,0,2,1,0,1,1,0,7,0,3,3,16,1,4,22,5,5,92,14,-1,-5,15,0,0,0,0,45,612,575,147,72,59,2.2,234,12.8,101.8,0.47
1200000,Warren,MI,USA,USA,71,200,2004,224,L,Hunwick,Matt,D,TOR,72,1,18,8,-0.3,18,17.92,42.2,8.1,0.923,1004,2.09,2.47,45.9,-8,-0.37,172,2.9,1,11,12,57.3,48.8,91,113,-22,44,26,90,6.6,0,0,0,0,0,0,0,0,0,0,0,0,0,0,1,0,0,0,0,3,1,0,27,30,1,0,14,6,-2,-1.6,8,0,0,0,0,53,628,589,217,215,81,3.6,199,14.6,112.9,0.29
3550000,Regina,SK,CAN,CAN,72,195,,,L,Kunitz,Chris,LW,PIT,71,9,20,0,1.6,36,15.51,63,7.4,0.928,1002,2.51,2.29,52.3,4,0.22,220,15.2,16,8,24,28.5,26,216,114,102,28,25,28,2.7,23.1,1.2,0,3,0,1,3,1,0,0,1,0,0,3,0,0,5,0,1,4,12,0,13,26,5,0,78,12,-6,-5.6,18,0,0,0,0,42,497,536,149,126,65,1.9,280,13.4,115.8,0.42
832500,Oakville,ON,CAN,CAN,73,190,2012,20,L,Laughton,Scott,C/LW,PHI,2,0,0,0,1.4,0,10.22,0,11.1,0.667,778,5.91,5.91,50,0,0,5,0.7,1,1,2,30.5,29.7,3,2,1,0,1,0,0,55,83.3,5,5,0,0,0,0,0,0,0,0,0,0,0,0,0,0,0,0,1,0,0,1,1,0,1,0,0,0,0,0,0,0,0,2,12,14,1,3,3,0,3,0,97.5,0.49
767500,Langley,BC,CAN,CAN,73,185,2014,116,L,Heinen,Danton,C,BOS,8,0,0,-3,-0.5,2,13.21,0,0,0.933,933,0,1.71,0,-3,-1.71,12,0.6,0,1,1,46.6,38.1,6,2,4,2,5,2,2.4,0,0,0,0,0,0,0,0,0,0,0,0,0,0,0,0,0,0,0,0,1,0,0,3,1,0,2,0,-1,-0.8,1,0,0,0,0,3,40,30,17,14,10,-0.3,10,11,106,0.08
875000,Orangeville,ON,CAN,CAN,75,215,2011,44,R,Ritchie,Brett,RW,DAL,78,16,8,11,4.1,38,12.89,61.5,7.9,0.943,1022,2.33,1.43,61.9,15,0.9,312,17.3,10,20,30,28.2,26.5,153,79,74,26,15,23,2.7,50,0.2,0,1,0,3,2,0,0,0,2,0,0,0,2,0,12,0,4,6,23,0,5,21,11,4,103,11,-5,-3.4,14,2,0,0,0,24,425,355,148,83,65,3.1,216,12,114.2,0.43
6000000,Vancouver,BC,CAN,CAN,75,218,2010,4,R,Johansen,Ryan,C/RW,NSH,82,14,47,1,5.2,60,18.82,67.8,9.4,0.904,999,3.5,2.49,58.4,26,1.01,276,15.7,11,10,21,28.2,26.1,77,66,11,51,38,28,2.3,54.6,89.6,233,315,0,0,3,2,0,0,0,0,1,3,2,0,8,0,3,11,7,0,16,21,7,2,101,11,-16,-9.3,25,2,0,0,0,64,380,468,239,195,78,5.8,167,4.6,116.7,0.84
6750000,London,ON,CAN,CAN,76,220,1997,1,L,Thornton,Joe,C,S.J,79,7,43,7,7.3,51,18.06,58.8,10.1,0.915,1016,3.58,1.94,64.9,39,1.64,146,8.3,6,7,13,31.4,29.3,52,53,-1,74,62,31,2.8,50.9,47.3,91,151,0,0,0,3,0,1,0,0,0,0,1,0,5,1,1,4,6,2,17,5,4,0,47,14,-2,5,13,1,0,1,1,46,394,425,343,189,78,4.3,135,8.9,119,0.6
792500,Palos,IL,USA,USA,72,187,2014,58,L,Dvorak,Christian,C/LW,ARI,78,15,18,7,-9.7,22,15.61,64.7,9.7,0.925,1022,2.51,2.47,50.5,1,0.05,164,11.1,13,6,19,22.4,23.8,72,98,-26,15,14,56,4.4,46.8,90.7,145,169,0,5,1,0,0,0,3,0,1,1,2,0,8,0,2,3,12,0,2,2,14,4,54,17,6,10.3,11,0,0,0,0,50,517,414,158,81,77,3.6,150,7.8,115.2,0.27
2700000,Toronto,ON,CAN,CAN,71,195,2002,43,L,Daley,Trevor,D,PIT,56,5,14,7,3.1,37,20.37,32.2,9.8,0.915,1013,3.11,3.11,50,0,0,156,5.9,3,5,8,42.6,38.5,29,44,-15,18,20,83,6.6,0,0,0,0,0,1,0,0,0,0,0,0,5,0,0,0,0,1,1,7,6,0,35,10,1,0,32,10,-7,0.6,16,1,0,0,0,59,441,469,138,124,63,3.2,150,3.1,120,0.29
575000,Ann Arbor,MI,USA,USA,76,204,2010,18,R,Watson,Austin,LW,NSH,77,5,12,14,-1.6,99,12.4,56.7,8.5,0.925,1010,1.89,2.27,45.5,-6,-0.38,154,8.2,9,10,19,32,28.7,143,100,43,14,24,66,6.7,40.5,4.3,4,3,0,2,0,0,0,0,1,0,0,0,1,0,3,0,0,1,9,0,11,6,5,1,58,14,-16,-13.1,17,13,0,0,0,36,464,380,101,89,68,1.4,321,9.8,103.3,0.18
4750000,Judique,NS,CAN,CAN,73,204,2006,160,L,MacDonald,Andrew,D,PHI,73,2,16,-5,0.7,26,20.07,47.4,6.5,0.908,973,1.56,2.88,35.2,-32,-1.31,159,3.1,4,6,10,50.2,45.8,39,126,-87,50,8,151,9.8,0,0,0,0,0,1,0,0,0,0,0,0,2,0,0,0,0,0,1,1,2,0,32,6,1,0,24,10,-2,2,12,0,0,0,0,70,490,611,206,126,78,3.7,216,3.9,110,0.24
575000,Island Park,NY,USA,USA,73,210,2010,168,L,Bitetto,Anthony,D,NSH,29,0,7,-1,-4.4,25,11.8,46.7,9.4,0.915,1010,2.63,2.98,46.9,-2,-0.35,45,0.8,0,1,1,47.2,43.5,43,44,-1,8,1,24,6.6,0,0,0,0,0,0,0,0,0,0,0,0,0,0,0,0,0,0,0,1,1,0,3,1,0,0,12,1,-10,-4.3,10,1,0,0,0,17,184,193,51,40,37,0.9,93,4.4,114.2,0.06
575000,Detroit,MI,USA,USA,71,191,2004,119,L,Porter,Kevin,C,PIT,2,0,0,-1,-0.6,0,11.25,0,0,0.818,818,0,5.33,0,-2,-5.33,2,0.1,0,0,0,0,18.1,5,1,4,0,2,1,4.8,36.8,90.5,5,1,0,0,0,0,0,0,0,0,0,0,0,0,0,0,0,0,0,0,0,0,0,0,0,0,0,0,0,0,0,0,0,2,18,10,2,5,1,-0.1,6,0,98.6,-0.08
832500,St-Lin,QC,CAN,CAN,77,235,2013,21,L,Gauthier,Frederik,C,TOR,21,2,1,2,-1,23,9.7,42.9,10,0.915,1015,2.06,2.65,43.8,-2,-0.59,25,1.5,1,2,3,25.5,20.5,17,24,-7,3,5,17,8.2,51.1,99.2,76,17,0,0,0,0,0,0,0,0,0,0,0,0,2,0,1,0,3,1,0,2,2,0,7,1,-5,-2,4,1,0,0,1,9,138,122,31,26,18,0.3,58,5.5,103.7,0.14
6000000,Brampton,ON,CAN,CAN,73,200,2010,2,R,Seguin,Tyler,C/RW,DAL,82,26,46,-15,-5.7,22,18.45,73.5,10.7,0.888,995,3.89,2.86,57.6,26,1.03,509,26.5,19,17,36,34.4,30.5,60,33,27,39,37,26,2.1,51,47.5,128,131,1,2,4,1,0,0,1,1,5,4,1,1,12,1,8,15,15,2,85,39,9,3,148,14,3,-1.9,11,0,0,0,0,72,421,404,270,162,91,7.5,108,8.8,120.8,0.92
2825000,Regina,SK,CAN,CAN,73,211,2012,2,L,Murray,Ryan,D,CBJ,60,2,9,3,-3.9,24,18.32,26.2,9,0.919,1009,2.3,2.62,46.7,-6,-0.33,110,2.6,2,1,3,44.4,40.9,23,46,-23,18,8,96,8.5,0,0,0,0,0,1,0,0,0,0,1,0,0,0,0,0,1,0,0,1,2,0,15,14,2,0,19,0,-12,-4.1,12,0,0,0,0,48,331,298,120,92,58,2.4,143,2.6,107.3,0.13
3600000,Ozieri,,ITA,CHE,74,209,2008,19,L,Sbisa,Luca,D,VAN,82,2,11,-1,-10.4,40,18.95,28.3,7.8,0.922,1000,1.78,2.63,40.4,-22,-0.85,197,3.4,6,6,12,47.9,43.2,130,161,-31,50,19,122,7.8,0,0,0,0,0,0,1,0,0,0,0,0,0,1,0,0,1,0,0,5,2,0,14,7,0,0,52,9,-8,0.8,15,2,0,0,0,68,496,575,184,175,75,3.7,294,9.9,103.1,0.1
600000,Keswick,ON,CAN,CAN,72,193,,,L,Hanley,Joel,D,MTL,7,0,0,-3,-0.2,4,10.15,0,3.4,0.852,886,0.85,3.38,20,-3,-2.54,5,0.1,0,1,1,59.6,59.4,8,16,-8,3,1,4,7,0,0,0,0,0,0,0,0,0,0,0,0,0,0,0,0,0,0,0,0,0,0,2,3,0,0,0,1,0,-0.7,1,0,0,0,0,4,25,66,20,7,6,-0.2,16,9,95.6,-0.01
600000,Vlasim,,CZE,CZE,73,210,1996,105,R,Rozsival,Michal,D,CHI,22,1,2,-3,-2.1,14,15.49,37.5,4.8,0.93,978,1.41,2.29,38.1,-5,-0.88,26,0.8,1,1,2,50.4,43.8,47,49,-2,10,5,25,7.9,0,0,0,0,0,0,1,0,0,0,0,0,0,0,0,0,1,0,0,0,1,0,8,0,0,0,7,0,-7,-4.4,7,0,0,0,0,13,112,186,47,43,15,0.4,86,7.4,109.2,0.17
7000000,Edmonton,AB,CAN,CAN,74,227,2002,61,R,Boychuk,Johnny,D,NYI,66,6,17,11,0.4,19,20.7,39,8.4,0.922,1006,2.6,2.42,51.8,4,0.18,339,7,5,13,18,55.5,52.2,160,109,51,45,13,133,9.7,100,0.1,1,0,0,1,2,1,0,0,0,0,5,0,0,0,1,0,1,8,2,0,94,20,0,0,39,6,-2,3.8,7,1,0,0,0,55,563,447,207,149,61,4.8,313,24.7,118.7,0.49
874125,Hamilton,ON,CAN,CAN,75,205,,,L,Gaudet,Tyler,C,ARI,4,0,1,0,-0.8,0,12.98,100,10,0.935,1035,1.16,2.31,33.3,-1,-1.16,9,0.4,1,0,1,59,26.4,3,1,2,0,0,1,1.5,40,81.4,5,2,0,0,0,0,0,0,0,0,0,0,0,0,0,0,1,0,1,0,0,0,0,0,2,0,0,0,0,0,0,0,0,2,27,18,4,6,2,0,4,0,104.1,-0.14
1000000,"Garden River, First Nations",ON,CAN,CAN,75,219,2009,186,L,Nolan,Jordan,C/LW/RW,L.A,46,4,4,-3,-1,44,10.85,72.7,5.4,0.929,983,1.32,1.69,44,-3,-0.36,89,3.6,2,4,6,35.2,29.2,62,47,15,10,5,7,1.8,33.3,1.5,0,2,0,0,0,0,0,0,1,0,1,0,0,0,2,0,2,3,5,0,4,10,1,0,19,7,-9,-7.9,12,4,0,0,0,14,270,273,80,32,42,0.5,117,5.6,102,0.18
925000,North Chelmsford,MA,USA,USA,74,196,2015,2,R,Eichel,Jack,C,BUF,61,24,33,-13,-5.5,22,19.91,78.1,9.7,0.915,1013,3.61,2.62,57.9,20,0.99,429,19.5,13,18,31,34.9,30.5,26,58,-32,46,38,35,3.2,38.9,66.6,101,100,1,3,4,2,0,0,2,0,4,2,1,0,15,1,4,12,29,0,25,40,3,4,148,26,15,11.1,11,0,0,0,0,53,390,306,177,115,65,6.6,83,5.8,119.3,0.87
1100000,Ottawa,ON,CAN,CAN,73,216,2008,139,L,Borowiecki,Mark,D,OTT,70,1,2,-3,3,154,14.01,12.5,5.4,0.921,975,1.47,2.32,38.7,-14,-0.86,115,1.9,4,11,15,48,49.5,364,137,227,18,6,90,9.4,100,0.1,0,1,0,1,0,0,0,0,0,0,1,0,0,0,0,0,0,1,0,0,16,6,0,0,28,20,-28,-19.4,32,14,0,2,0,38,703,443,147,109,91,1.3,622,11.6,110.6,0.04
925000,Mississauga,ON,CAN,CAN,75,185,2015,3,L,Strome,Dylan,C,ARI,7,0,1,-5,-2.6,0,13.68,50,3.7,0.891,928,1.25,4.39,22.2,-5,-3.14,16,0.7,0,2,2,30.5,33.2,3,2,1,0,3,2,2,40.3,95.1,6,10,0,0,0,0,0,0,0,0,0,0,0,0,0,1,0,0,0,0,0,1,0,0,5,1,1,1.2,0,0,0,0,0,7,40,30,12,8,10,-0.3,5,0,122.4,-0.04
600000,Prince Albert,SK,CAN,CAN,75,220,2004,279,R,Cracknell,Adam,RW/C,DAL,69,10,6,9,0.3,12,10.46,57.1,8,0.928,1008,2.33,1.99,53.8,4,0.33,170,8.2,6,6,12,29.8,26.7,91,52,39,16,19,37,5.3,45.8,47.8,39,38,0,2,2,0,0,0,2,0,1,0,1,0,6,1,6,4,16,1,6,16,3,0,45,16,11,4,5,0,0,0,0,24,319,254,106,69,42,1.9,140,22,116.3,0.32
4000000,Woodstock,ON,CAN,CAN,75,216,2007,141,L,Muzzin,Jake,D,L.A,82,9,19,-21,4.8,46,22.27,39.4,7.3,0.891,964,2.34,2.7,46.4,-11,-0.36,388,8.5,9,18,27,51.8,48,162,167,-5,70,15,122,8.1,0,0,0,0,0,1,1,2,0,0,0,1,5,0,0,0,3,1,2,5,1,1,75,20,0,0,87,15,-7,-0.4,22,0,0,0,0,82,792,742,273,115,90,5.4,330,8,113.4,0.6
1800000,Toronto,ON,CAN,CAN,74,206,2004,265,L,Winnik,Daniel,LW/C,WSH,72,12,13,15,-0.8,49,12.9,78.1,8.8,0.923,1011,2.07,2.13,49.2,-1,-0.06,133,8.3,8,4,12,35.7,28.2,25,84,-59,30,30,34,3.9,42.9,2.3,0,7,0,4,3,1,0,0,2,1,0,1,1,0,7,0,2,3,10,2,5,7,6,0,52,17,1,2.7,12,3,0,1,0,33,398,401,146,113,65,3,111,4.6,98.8,0.38
650000,Pelhrimov,,CZE,CZE,73,194,2012,49,R,Frk,Martin,RW,CAR,2,0,0,-3,-0.2,0,8.33,0,0,0.7,700,0,10.82,0,-3,-10.82,3,0.1,0,0,0,40,49.7,3,2,1,1,0,1,7.7,0,0,0,0,0,0,0,0,0,0,0,0,0,0,0,0,0,0,0,0,0,0,0,1,0,0,0,1,1,-1,0,0,0,0,0,3,10,4,1,2,1,-0.2,4,0,86.5,-0.29
4100000,Eksjo,,SWE,SWE,75,197,2005,108,L,Hjalmarsson,Niklas,D,CHI,73,5,13,12,-2.6,20,21.46,30.5,9.2,0.913,1005,2.27,2.88,44,-16,-0.62,135,2.7,2,3,5,49,46.8,23,148,-125,70,23,181,11.7,0,0,0,0,0,0,0,0,0,0,0,0,3,0,0,0,2,0,2,2,1,0,35,6,1,0,18,9,-1,5.7,10,0,0,0,0,75,325,624,255,209,62,4.4,224,4.6,105.5,0.34
742500,Syracuse,NY,USA,USA,75,219,2012,59,L,Nieves,Cristoval,C/LW,NYR,1,0,0,-1,-1,0,11.73,0,25,0.889,1139,5.12,5.12,50,0,0,1,0.1,0,1,1,0,34.4,0,1,-1,0,0,1,6.3,30,76.9,0,1,0,0,0,0,0,0,0,0,0,0,0,0,0,0,0,0,0,0,0,0,0,0,0,0,0,0,0,0,0,0,0,1,3,6,0,0,1,-0.1,1,0,122.8,-0.59
1500000,Windsor,ON,CAN,CAN,75,207,2009,13,R,Kassian,Zack,RW,EDM,79,7,17,4,-1.5,101,12.3,64.9,8.7,0.919,1006,2.29,2.6,46.8,-5,-0.31,164,10.7,10,10,20,28.3,25.2,201,63,138,39,21,16,1.7,36.4,1.2,1,2,0,1,0,0,0,0,3,0,1,1,1,0,1,0,1,1,18,1,12,22,10,8,39,9,-23,-16.1,23,7,1,1,0,42,540,336,191,118,72,2,325,9.7,104.6,0.26
4250000,Voskresensk,,RUS,RUS,72,200,1998,162,L,Markov,Andrei,D,MTL,62,6,30,18,8.1,16,21.81,55.4,9.1,0.933,1024,2.89,1.91,60.2,22,0.98,223,4,7,18,25,52.6,50.1,39,67,-28,69,28,73,6.2,0,0,0,0,0,2,1,0,0,0,0,0,4,0,0,0,2,0,2,1,0,0,38,6,0,0,54,9,1,6.3,8,0,0,0,0,43,458,554,249,149,61,7.5,128,8.4,113.1,0.73
832500,London,ON,CAN,CAN,72,223,2013,9,L,Horvat,Bo,C,VAN,81,20,32,-7,-2.3,27,18.02,76.5,10.1,0.895,996,2.8,3.5,44.4,-17,-0.7,286,20.2,15,18,33,24.2,23.7,65,72,-7,27,37,41,2.9,50.5,96.3,269,248,0,4,1,1,0,0,3,2,0,0,2,0,13,0,4,7,22,7,3,8,4,4,110,17,5,3.7,11,1,0,0,0,85,383,468,184,157,69,5.7,134,9.3,111,0.57
575000,Boston,MA,USA,USA,73,198,2007,135,L,Carey,Paul,C,WSH,6,0,0,-2,-1,0,10.48,0,0,0.917,917,0,1.91,0,-2,-1.91,16,0.7,0,1,1,48.1,31.9,5,2,3,4,5,1,1.9,0,0,0,0,0,0,0,0,0,0,0,0,0,0,0,0,0,0,0,0,1,0,0,2,0,0,5,0,0,0,0,0,0,0,0,2,17,27,21,10,2,-0.2,6,0,105,0.06
600000,Williamsville,NY,USA,USA,73,200,,,L,Schneider,Cole,LW/RW,BUF,4,0,1,2,0,0,7.14,50,13.3,1,1133,4.2,0,100,2,4.2,8,0.2,0,1,1,60.2,34.5,3,0,3,0,0,2,8,0,0,0,0,0,0,0,0,0,0,0,0,0,0,0,0,0,0,0,0,2,0,1,1,0,0,2,0,0,0,0,0,0,0,0,0,18,12,2,2,2,0.2,5,0,113.4,0.44
925000,Plantation,FL,USA,USA,78,225,2012,210,L,Megna,Jaycob,D,ANA,1,0,0,1,-0.1,0,15.33,0,16.7,1,1167,3.92,0,100,1,3.92,1,0,0,0,0,0,,0,0,0,0,0,0,0,0,0,0,0,0,0,0,0,0,0,0,0,0,0,0,0,0,0,0,0,0,0,0,0,0,0,0,0,0,0.1,0,0,0,0,0,0,8,3,0,3,0,0.1,0,0,117.5,0
725000,Joliette,QC,CAN,CAN,75,204,2015,39,L,Greer,A.J.,LW,COL,5,0,1,-2,0,4,13.66,100,2.9,0.906,935,0.88,2.64,25,-2,-1.76,10,0.9,0,1,1,18.8,24.5,4,6,-2,2,1,3,5.3,0,0,0,0,0,0,0,0,0,0,0,0,0,0,0,0,0,0,0,0,0,0,0,4,1,0,3,2,0,-1,2,0,0,0,0,3,21,19,9,10,2,-0.1,11,2.5,107.2,0.2
4000000,Pardubice,,CZE,CZE,72,185,2001,13,R,Hemsky,Ales,RW,DAL,15,4,3,-1,3.3,0,14.42,100,6.6,0.935,1002,1.94,1.66,53.8,1,0.28,52,3.2,3,4,7,29.8,30.1,1,14,-13,6,9,4,2.2,0,0,0,0,0,1,0,0,0,0,0,0,0,1,0,0,3,0,0,2,1,0,3,4,0,0,22,1,1,0.3,0,0,0,0,0,6,60,63,51,36,12,0.8,5,0,109,0.53
650000,Valencia,CA,USA,USA,71,193,,,R,Harper,Shane,RW,FLA,14,2,1,-1,-1.7,18,10.29,100,4.9,0.94,989,1.25,1.67,42.9,-1,-0.42,23,1.2,0,1,1,31.5,31.1,19,13,6,3,4,0,0,0,0,0,0,0,0,0,0,0,0,0,0,1,0,1,0,0,0,0,1,0,0,5,3,1,0,4,5,-1,0,4,2,0,0,0,4,69,65,22,20,19,0.3,39,5.8,94.7,0.21
645000,Helsinki,,FIN,FIN,75,198,2012,176,L,Lindbohm,Petteri,D,STL,7,0,0,-4,-0.1,4,12.98,0,3.3,0.875,908,1.32,3.96,25,-4,-2.64,19,0.3,0,1,1,47.3,47.9,10,7,3,1,1,5,5.5,0,0,0,0,0,0,0,0,0,0,0,0,0,0,0,0,0,0,0,0,0,0,1,2,0,0,7,1,-1,-0.6,2,0,0,0,0,6,40,41,8,4,7,-0.2,19,5.5,124.8,0.11
800000,Winnipeg,MB,CAN,CAN,77,236,2010,10,R,McIlrath,Dylan,D,FLA/NYR,6,1,0,-2,-1.7,14,9.52,100,6.7,0.897,963,1.05,3.15,25,-2,-2.1,11,0.1,0,0,0,55.3,49,15,4,11,3,1,4,7.5,0,0,0,0,0,0,0,0,0,0,0,0,0,1,0,0,0,0,0,0,0,0,0,2,0,0,1,1,-3,-2.7,2,2,0,0,0,3,41,20,6,4,4,0.1,35,8,95.5,-0.05
4500000,Tampere,,FIN,FIN,75,213,2013,2,L,Barkov,Aleksander,C,FLA,61,21,31,13,5.2,10,19.4,74.3,9.4,0.919,1014,3.55,2.13,62.5,28,1.42,226,15.2,8,11,19,27.3,26.9,39,90,-51,30,49,30,3.6,46.5,84.5,123,190,2,6,5,0,0,0,3,0,6,2,2,0,8,0,0,0,12,1,29,27,8,0,65,17,12,11,5,0,0,0,0,42,254,329,173,151,63,6.9,79,17.6,107.1,0.96
4500000,Regina,SK,CAN,CAN,73,195,,,R,Bozak,Tyler,C,TOR,78,18,37,-1,-0.7,30,16.46,62.5,11.2,0.908,1020,4.11,2.75,59.9,29,1.35,,19.3,,14,,23.8,,45,82,-38,48,52,26,2.3,56.7,95.7,216,360,0,1,1,0,0,0,1,1,0,6,1,0,8,0,2,6,11,3,7,45,12,0,66,11,-3,-3.8,14,0,0,0,0,59,357,515,247,199,65,5.8,101,6.9,122.5,0.69
2500000,Concord,NH,USA,USA,73,206,,,R,Lovejoy,Ben,D,N.J,82,1,6,-7,-6.9,39,20.66,18.9,5.8,0.926,984,1.33,2.55,34.3,-34,-1.22,148,3.5,4,5,9,53.2,47.4,82,117,-37,39,18,145,8.2,0,0,0,0,0,0,1,0,0,0,0,0,1,0,0,0,0,0,0,2,1,0,42,19,1,0,21,5,-13,-3.1,17,1,0,0,0,71,503,620,195,176,95,2.5,272,5.9,102,0.02
2250000,Calgary,AB,CAN,CAN,72,189,2007,4,L,Hickey,Thomas,D,NYI,76,4,16,-1,-3.4,35,17.49,33.9,9.2,0.908,1000,2.67,3.08,46.5,-9,-0.41,199,5,4,6,10,47.6,41.2,89,140,-51,43,16,103,7.1,0,0,0,0,2,0,2,0,0,0,0,0,0,1,1,0,2,1,1,6,5,0,20,10,3,0,49,21,5,8.2,15,1,0,0,0,68,589,518,199,140,81,3.2,228,7,119.8,0.25
575000,Sudbury,ON,CAN,CAN,73,210,2008,50,L,Gaunce,Cameron,D,PIT,12,1,3,1,1.8,13,12.52,66.7,7.7,0.921,998,2.4,2.4,50,0,0,17,0.6,0,0,0,52.5,39.7,23,12,11,5,2,10,6.4,0,0,0,0,0,1,0,0,0,0,0,0,1,0,0,0,0,0,0,1,0,0,3,0,0,0,5,2,-3,-3.3,4,1,0,0,0,6,96,75,14,15,10,0.6,47,6.3,119.8,0.31
2500000,Grand Ledge,MI,USA,USA,75,236,2002,44,R,Greene,Matt,D,L.A,26,1,1,3,-1.6,19,13.17,22.2,6.3,0.962,1024,1.58,1.05,60,3,0.53,50,0.5,1,2,3,69.1,56.2,71,34,37,17,3,27,8.9,0,0,0,0,0,0,0,0,0,0,0,0,1,0,0,0,0,0,0,0,0,0,5,2,0,0,7,1,-7,-4.5,7,1,0,0,0,6,255,176,50,23,18,1.2,118,10.6,104.9,0.18
817500,Chicago,IL,USA,USA,74,214,2015,32,R,Fischer,Christian,RW,ARI,7,3,0,0,-1.2,0,12.33,100,12,0.932,1052,2.09,2.09,50,0,0,15,0.5,0,0,0,40.8,33.2,9,2,7,3,0,0,0,0,0,0,0,0,1,1,0,0,0,0,0,0,0,0,0,3,0,0,0,0,0,1,2,0,0,7,0,0,0,0,0,0,0,0,3,43,27,8,4,3,0.5,9,0,98.7,0.21
575000,Morges,,CHE,CHE,71,200,2007,73,R,Weber,Yannick,D,NSH,73,1,7,1,-4.1,25,11.92,22.9,8.3,0.918,1001,2.42,2.48,49.3,-1,-0.07,152,2.5,2,3,5,48,47,72,96,-24,27,9,53,6.3,0,0,0,0,0,1,1,0,0,0,0,0,0,0,0,0,1,0,0,0,3,0,11,8,0,0,50,3,-8,-4.7,10,1,0,0,0,36,412,470,142,83,59,1.7,151,8.1,111,0.12
575000,Grand Prairie,AB,CAN,CAN,74,200,,,R,Rowney,Carter,RW/C,PIT,27,3,4,2,1.4,4,10.97,70,7.9,0.94,1018,2.03,1.82,52.6,1,0.2,40,3.2,2,2,4,20.5,20.9,64,37,27,5,11,15,5.3,48,75.3,30,28,0,1,1,0,0,0,0,0,0,1,1,0,1,0,0,0,3,0,2,1,4,0,14,0,-2,-2.1,2,0,0,0,0,9,197,169,40,27,12,0.6,83,37.5,105.3,0.25
2500000,Bolton,CT,USA,USA,75,210,2000,13,L,Hainsey,Ron,D,CAR/PIT,72,4,13,-8,-2.1,21,21.99,33.3,7.4,0.912,986,1.94,2.89,40.2,-25,-0.95,186,3.2,4,13,17,53.6,47.5,93,64,29,47,25,120,7.5,0,0,0,0,1,0,1,0,0,0,0,0,1,2,0,0,1,0,0,4,1,0,21,17,0,0,32,6,-3,3.7,8,1,0,0,0,76,561,529,250,245,60,3.2,235,14.8,112.6,0.26
800000,Montreal,QC,CAN,CAN,73,207,2008,152,L,Barberio,Mark,D,COL/MTL,60,2,11,-5,-1.8,14,18.24,32.5,7.4,0.929,1003,2.2,1.98,52.6,4,0.22,198,5,8,9,17,47.8,45.8,20,62,-42,33,16,55,6.2,0,0,0,0,0,0,0,0,0,0,0,0,0,2,0,0,0,0,0,7,0,0,19,18,0,1,42,4,-3,4.1,7,0,0,0,0,36,277,363,145,132,57,2.6,89,5.1,107,0.32
925000,Brantford,ON,CAN,CAN,72,192,2014,55,R,Montour,Brandon,D,ANA,27,2,4,11,4.2,14,17.38,31.6,7.8,0.972,1050,2.43,0.77,76,13,1.66,111,3.3,4,5,9,45.5,43.9,21,34,-13,17,3,24,5.6,0,0,0,0,0,1,0,0,0,0,0,0,2,0,0,0,0,0,0,1,3,0,17,4,1,0,25,8,1,3.6,7,0,0,0,0,6,174,173,77,43,32,2.3,59,3.4,116.5,0.35
3900000,Kelowna,BC,CAN,CAN,73,204,,,L,Gorges,Josh,D,BUF,66,1,5,-3,-6.3,50,18.44,21.4,5.6,0.931,987,1.38,2.47,35.9,-22,-1.09,80,1.3,2,7,9,55.7,51.9,143,96,47,17,7,108,8,0,0.1,0,0,0,0,0,0,0,0,0,0,1,0,0,0,0,0,1,3,0,0,19,4,0,0,17,9,-12,-3.9,19,2,0,0,0,50,509,397,129,121,81,2.1,303,7.9,109,0.02
575000,Ottawa,ON,CAN,CAN,73,195,,,L,Smith,Trevor,C/RW,NSH,1,0,0,0,-0.6,0,7.34,0,,1,,0,0,0,0,0,0,0,0,0,0,0,,0,0,0,0,0,2,18.2,0,72.7,0,0,0,0,0,0,0,0,0,0,0,0,0,0,0,0,0,0,0,0,0,0,0,0,0,0,0,0,0,0,0,0,0,0,2,9,0,0,1,0,2,0,89.9,-0.53
7500000,Edmonton,AB,CAN,CAN,75,219,2003,9,L,Phaneuf,Dion,D,OTT,81,9,21,-6,-4.9,100,22.99,37.5,8.8,0.912,1000,2.59,2.75,48.5,-5,-0.16,310,9.1,18,14,32,49.6,46.4,132,86,46,54,16,156,8.2,0,0,0,0,0,2,2,0,0,0,0,0,4,2,1,0,2,0,2,8,11,0,72,15,4,0,54,22,-20,-16.4,39,2,0,1,0,85,641,632,289,181,118,5.9,390,3.8,116.3,0.3
575000,Toronto,ON,CAN,CAN,71,180,,,L,Zolnierczyk,Harry,LW,NSH,24,2,2,-2,-3.7,10,8.87,80,6.3,0.944,1006,1.41,1.97,41.7,-2,-0.56,32,1.6,2,1,3,28.7,23.7,25,36,-11,1,7,11,4.5,42.1,10.7,1,2,0,0,0,0,0,0,1,0,0,1,0,0,0,0,0,2,5,0,2,2,1,0,9,8,3,-1,5,0,0,0,0,7,102,127,22,20,19,0.2,46,6.4,110.2,-0.03
4000000,Star Lubovna,,SVK,SVK,73,207,1997,12,L,Hossa,Marian,RW,CHI,73,26,19,7,0.4,8,16.85,81.8,9.6,0.914,1011,2.69,2.64,50.5,1,0.05,303,15.7,3,16,19,28.7,27.4,32,66,-34,29,47,36,3.1,35.7,1.2,0,5,3,2,7,3,0,0,2,0,6,3,0,0,15,2,2,3,18,1,33,18,1,1,95,11,7,6.4,4,0,0,0,0,54,248,529,183,153,53,5.8,76,19.8,108.9,0.62
5600000,Edmonton,AB,CAN,CAN,76,221,2002,3,L,Bouwmeester,Jay,D,STL,81,1,14,6,-3.1,28,22.37,21.1,9.9,0.914,1013,2.36,2.76,46.1,-12,-0.4,205,4.5,4,2,6,52.1,45.9,67,115,-48,37,11,111,6.2,0,0,0,0,0,0,0,0,0,0,0,0,1,0,0,0,0,0,1,0,0,1,52,9,0,0,44,3,-11,-3.3,14,0,0,0,0,83,558,630,162,204,106,4.1,206,5.6,103.4,0.21
925000,Nizhnekamsk,,RUS,RUS,75,215,2016,9,L,Sergachev,Mikhail,D,MTL,4,0,0,1,-2.1,0,12.13,0,15.8,0.941,1099,3.71,2.47,60,1,1.24,4,0.1,0,0,0,47,40.2,10,4,6,3,1,3,5.9,0,0,0,0,0,0,0,0,0,0,0,0,0,0,0,0,0,0,0,0,0,0,0,0,0,0,2,0,0,0.3,0,0,0,0,0,2,29,23,8,2,2,0.1,13,0,113.8,-0.03
3200000,Jindrichuv Hradec,,CZE,CZE,74,210,,,R,Michalek,Zbynek,D,ARI,3,0,0,1,-0.9,0,17.66,0,4.5,0.971,1016,1.13,1.13,50,0,0,5,0,0,0,0,68.7,68.1,7,4,3,3,0,5,7.9,0,0,0,0,0,0,0,0,0,0,0,0,0,0,0,0,0,0,0,0,0,0,2,0,0,0,1,0,0,0.2,0,0,0,0,0,1,12,17,7,5,0,0.1,12,0,106.5,-0.19
650000,Elk River,MN,USA,USA,74,201,,,R,Prosser,Nate,D,MIN,39,2,5,0,1.1,12,12.72,35,9.1,0.919,1010,2.42,2.42,50,0,0,52,1,0,2,2,49.8,43.8,30,73,-43,10,3,63,12.5,0,0,0,0,0,0,0,0,0,0,0,0,0,0,0,0,2,1,0,1,1,1,9,2,0,0,7,1,-5,-1.6,6,0,0,0,0,20,155,207,56,45,26,1.2,106,5.5,110.1,0.13
2100000,Hartford,CT,USA,USA,73,196,2007,173,L,Bonino,Nick,C,PIT,80,18,19,-5,-4.5,16,16.64,72.5,7.8,0.915,993,2.3,2.84,44.7,-12,-0.54,226,16.3,16,15,31,25.7,23.3,60,86,-26,24,41,99,7.4,48,93.5,238,158,0,3,1,0,0,0,2,0,0,3,1,0,12,0,2,2,16,0,3,17,12,2,92,7,-1,-2.4,8,0,0,0,0,63,428,590,155,139,55,3,175,12.6,110.8,0.41
4500000,Lipetsk,,RUS,RUS,73,204,2009,14,L,Kulikov,Dmitry,D,BUF,47,2,3,-26,-9.6,26,21.89,25,4.2,0.917,959,1.17,2.98,28.2,-31,-1.81,114,1.7,0,3,3,55.9,50.7,60,97,-37,32,18,72,6.7,0,0,0,0,0,0,0,0,0,0,0,0,2,0,0,0,0,0,0,2,1,0,22,6,1,0,12,5,-7,-2,12,0,0,0,0,51,360,343,133,111,56,-0.1,158,6.5,112.1,-0.05
3250000,Cobourg,ON,CAN,CAN,73,188,2000,28,R,Williams,Justin,RW,WSH,80,24,24,14,10.2,50,15.47,67.6,10,0.926,1026,3.45,1.75,66.4,35,1.7,290,20.5,19,15,34,30.5,27.8,28,123,-95,44,37,41,4.4,54.7,10.8,8,50,0,4,4,0,0,0,1,2,3,2,5,0,11,0,2,8,17,2,18,18,16,1,95,16,-9,-8.9,25,0,0,0,0,36,322,438,228,160,64,6.2,119,2.6,108.7,0.69
1100000,Kingston,ON,CAN,CAN,73,205,2001,57,L,McClement,Jay,C,CAR,65,5,3,-8,-4.3,18,11.38,53.3,6.1,0.901,962,1.22,3.17,27.8,-24,-1.95,87,6.4,5,12,17,23.5,21.7,49,57,-8,15,29,40,5.1,48.2,87.8,105,61,0,0,1,0,0,0,0,0,2,0,1,0,2,0,1,1,6,0,4,4,3,0,20,5,-4,-3.1,9,0,0,0,0,39,309,322,83,133,34,0,107,8.7,104.3,0.05
575000,Burlington,ON,CAN,CAN,68,180,,,L,Conacher,Cory,C/LW,T.B,11,1,3,0,0.2,4,11.56,80,7.8,0.944,1023,2.36,1.41,62.5,2,0.94,26,1.9,2,0,2,30.3,25.7,1,12,-11,8,6,0,0,50,1.5,0,1,0,0,0,0,0,0,0,0,0,0,0,0,1,0,0,1,2,0,2,2,2,0,8,5,3,3.3,2,0,0,0,0,3,28,52,19,12,11,0.3,5,3.5,93.9,0.36
2750000,Winnipeg,MB,CAN,CAN,74,206,2008,111,R,Weise,Dale,RW,PHI,64,8,7,1,7,39,12.88,46.9,7.8,0.902,980,2.33,2.18,51.6,2,0.15,144,9.3,11,7,18,27.6,27.5,135,70,65,14,13,24,3.7,100,0.4,0,3,0,1,2,0,0,0,1,0,0,4,1,0,2,0,0,1,16,1,4,29,6,3,35,7,-3,-3.2,6,3,0,0,1,30,424,410,103,62,38,1.3,201,24.7,104.5,0.36
775000,LaSalle,QC,CAN,CAN,73,216,2009,84,L,Deslauriers,Nicolas,LW,BUF,42,0,2,-6,-6,38,7.41,50,3.7,0.945,982,0.77,1.93,28.6,-6,-1.16,46,2.5,2,2,4,30,28.1,109,26,83,3,2,5,1.7,0,1.2,0,0,0,0,0,0,0,0,0,0,0,0,0,0,0,0,0,1,7,2,2,3,1,0,11,3,-6,-5,4,4,0,1,0,10,245,149,37,23,23,-0.5,156,27.8,96.2,-0.08
715000,Markham,ON,CAN,CAN,72,200,2012,162,L,Blandisi,Joseph,LW/C,N.J,27,3,6,-10,-0.5,26,13.16,60,8.8,0.904,993,2.61,2.61,50,0,0,48,3.5,0,1,1,26.8,26.2,37,25,11,4,7,6,2.1,45,51.6,27,21,1,0,2,0,0,0,1,0,1,0,1,0,0,1,1,1,1,0,3,12,2,0,6,2,-8,-6.5,8,2,0,0,0,15,127,121,42,26,28,0.4,71,5.5,106.5,0.24
875000,Pori,,FIN,FIN,75,205,2011,16,R,Armia,Joel,RW,WPG,57,10,9,-8,-2,20,15.05,67.9,7.2,0.913,985,1.98,3.11,38.9,-16,-1.13,191,12.1,9,26,35,28.2,25.8,68,48,18,17,39,28,3.2,42.9,0.9,0,1,0,0,1,0,0,0,0,0,0,1,1,1,7,1,4,3,12,3,5,9,7,5,70,14,4,3.5,10,0,0,0,0,44,391,284,117,98,47,1.2,118,11,109.9,0.31
2200000,Brandon,MB,CAN,CAN,71,188,2008,127,L,Calvert,Matt,LW,CBJ,65,10,5,-4,-5.7,48,13.34,50,8.5,0.909,995,2.08,2.98,41.1,-13,-0.9,154,11.2,6,14,20,25,22.8,61,88,-27,15,23,34,3.8,12.5,1.9,1,1,0,0,1,2,0,0,1,0,0,4,2,0,3,1,3,5,11,1,3,26,5,4,42,10,-7,-0.1,14,2,0,0,1,43,281,296,88,78,53,1.1,145,6,106.8,0.18
1000000,Strathroy,ON,CAN,CAN,74,205,2011,17,L,Beaulieu,Nathan,D,MTL,74,4,24,8,0,44,19.47,35.9,10.7,0.924,1031,3.25,2.29,58.6,23,0.96,235,5.7,8,12,20,49.4,44.6,65,176,-111,71,16,102,7.8,0,0,0,0,0,2,1,0,0,0,0,0,2,0,0,0,2,1,4,6,2,0,30,10,1,1,74,11,-4,3.7,12,2,0,0,1,55,538,765,268,153,86,5.6,213,6.8,113.5,0.48
1300000,Toronto,ON,CAN,CAN,74,200,2009,15,L,Holland,Peter,C,ARI/TOR,48,5,7,-16,-7,22,12.75,63.2,6.3,0.903,966,1.86,3.24,36.5,-14,-1.37,127,8.3,5,8,13,28.3,26.7,37,37,0,16,21,9,1.5,45.4,84.9,67,76,0,1,0,0,0,0,0,0,0,0,0,1,4,1,3,4,2,3,4,7,5,3,55,9,-2,-3.3,11,0,0,0,0,33,273,224,98,63,44,0.2,68,5.3,115,0.15
1100000,Victoria,BC,CAN,CAN,74,200,,,L,Benn,Jordie,D,DAL/MTL,71,4,13,-4,-2.3,28,18.26,43.6,6.5,0.895,960,1.81,3.44,34.5,-35,-1.62,180,3.6,4,5,9,52.6,46.6,64,69,-5,49,14,144,10.4,0,0,0,0,0,0,1,1,0,0,0,0,3,0,0,0,1,1,0,7,1,0,26,8,1,0,32,10,-4,2.1,14,0,0,0,0,74,442,424,205,120,88,2.8,236,5.6,120.9,0.3
4875000,St. Malo,MB,CAN,CAN,74,205,2008,53,R,Hamonic,Travis,D,NYI,49,3,11,-21,-9.3,60,20.44,41.2,8,0.898,979,2.04,3.72,35.4,-28,-1.68,157,2.7,1,4,5,55.7,50.7,58,60,-2,39,14,108,9.2,0,0,0,0,0,2,0,0,0,0,0,0,2,1,0,0,0,0,0,4,1,0,29,5,0,0,39,6,-10,4.5,10,4,0,2,0,62,401,314,164,129,51,0.6,230,7.2,116.1,0.16
925000,Milwaukee,WI,USA,USA,74,209,2013,118,R,Fasching,Hudson,RW,BUF,10,0,1,-1,-0.6,2,10.41,100,2.1,0.965,986,0.58,1.15,33.3,-1,-0.58,13,1,0,1,1,15.8,15.8,17,6,11,1,1,2,2.2,0,0,0,0,0,0,0,0,0,0,0,0,0,0,0,0,0,0,0,0,1,0,0,0,0,0,5,2,1,0,1,0,0,0,0,2,61,38,12,8,5,-0.1,21,18,101.5,0.13
3200000,Oulu,,FIN,FIN,70,184,2010,9,L,Granlund,Mikael,C,MIN,81,26,43,23,16.5,12,18.81,73.4,12.5,0.915,1040,3.71,2.48,59.9,31,1.22,318,19.7,15,18,33,28.8,24.8,50,140,-90,33,43,50,3.7,48.5,2.1,4,11,1,5,4,4,0,1,2,2,1,0,0,0,21,1,8,7,18,3,8,16,7,3,122,20,14,10,6,0,0,0,0,63,268,429,155,169,64,8.5,112,15.5,109.7,0.8
925000,Brockville,ON,CAN,CAN,74,207,2012,147,L,Hutton,Ben,D,VAN,71,5,14,-22,-11.6,31,20.48,38.8,7.3,0.911,983,2.03,2.52,44.5,-12,-0.5,268,5.6,5,8,13,48.3,48,46,101,-55,50,31,106,8.7,0,0,0,0,1,0,1,0,1,1,2,0,1,0,0,0,2,0,2,5,2,1,38,10,0,0,79,5,-9,4.1,13,1,0,0,0,61,423,459,188,133,77,2.9,184,5.9,103.1,0.28
2600000,Vienna,,AUT,AUT,74,214,2003,5,R,Vanek,Thomas,LW/RW,DET/FLA,68,17,31,-5,-3.9,22,14.38,81.4,10.7,0.906,1013,3.63,2.77,56.7,14,0.86,216,15.5,10,11,21,27.1,25.5,29,28,1,34,21,5,0.6,40,1.6,0,6,0,6,2,0,0,0,1,2,1,3,3,0,7,0,2,2,7,6,20,19,18,2,61,8,-3,-0.8,11,0,0,0,0,45,257,334,162,87,51,5.5,56,4.5,109.4,0.59
2300000,Ann Arbor,MI,USA,USA,73,219,2007,18,L,Cole,Ian,D,PIT,81,5,21,26,6,72,19.81,32.9,10.3,0.91,1013,2.96,3,49.7,-1,-0.04,220,4.2,5,2,7,47.5,47.2,164,215,-51,50,32,194,11.4,0,0,0,0,0,4,1,0,0,0,0,0,0,1,0,0,4,1,2,6,1,0,26,10,1,1,50,15,-16,-6.1,29,2,0,0,0,80,758,870,207,182,105,5.6,432,6.8,114.9,0.4
900000,Thornhill,ON,CAN,CAN,72,192,2000,95,L,Moore,Dominic,C/LW,BOS,82,11,14,2,1.2,44,12.92,75.8,7.5,0.906,981,1.87,3,38.4,-20,-1.13,,8.8,,11,,32.1,,63,82,-19,26,31,42,4,54.6,65.8,152,94,0,1,1,2,0,0,1,0,1,2,1,0,6,0,0,2,17,1,10,16,6,0,46,14,-8,-11,22,0,0,0,0,53,469,484,130,116,70,2.6,149,4.3,105.9,0.25
925000,Moscow,,RUS,RUS,74,195,,,R,Zaitsev,Nikita,D,TOR,82,4,32,-22,-6.8,38,21.9,42.4,9.1,0.905,995,2.85,3.15,47.5,-9,-0.3,301,5.7,6,12,18,52.8,44.6,176,,,58,33,136,7.6,0,0,0,0,0,0,0,1,0,0,0,0,0,2,0,0,2,0,0,6,3,0,14,46,1,0,42,11,-8,1.2,19,0,0,0,0,94,681,768,287,247,97,3.6,350,11,120.7,0.4
1250000,Kitchener,ON,CAN,CAN,74,216,2003,132,L,Quincey,Kyle,D,CBJ/N.J,73,6,9,4,-6,51,17.81,34.9,7.6,0.92,996,1.99,2.64,43,-14,-0.65,161,3.1,3,1,4,49.5,47.4,97,73,22,36,18,95,7.4,0,0,0,0,0,2,0,0,0,0,0,0,3,2,0,0,1,0,1,3,3,0,51,11,0,0,14,9,-15,-10.2,23,1,0,0,0,57,501,441,173,132,92,4.1,246,5,105,0.14
675000,Winston-Salem,NC,USA,USA,71,198,2008,169,R,Smith,Ben,RW/C,COL/TOR,40,2,2,-7,-2.7,4,11.46,50,5.2,0.908,960,1.05,3.67,22.2,-20,-2.62,56,4,2,3,5,29.7,23.2,29,57,-28,5,9,41,7.1,51.5,91.6,128,38,0,0,0,0,0,0,0,0,0,1,0,0,1,0,0,1,3,0,1,12,2,0,12,3,1,0.9,2,0,0,0,0,28,300,249,60,49,32,-0.4,74,19,114.9,0.02
635000,Brampton,ON,CAN,CAN,75,205,2012,96,L,Thomson,Ben,LW,N.J,3,0,0,-4,0.3,4,10.88,0,0,0.778,778,0,7.35,0,-4,-7.35,8,0.8,1,0,1,20.1,24,7,7,0,1,0,1,4.3,0,4.3,0,0,0,0,0,0,0,0,0,0,0,0,0,0,0,0,0,1,0,0,0,2,1,0,4,1,-1,-2,2,0,0,0,0,4,22,16,3,0,4,-0.2,12,3.5,95.6,0.02
632500,New Hartford,NY,USA,USA,74,205,,,L,Zalewski,Michael,LW/C,VAN,1,0,0,-1,-0.6,0,8.05,0,0,0.833,833,0,7.45,0,-1,-7.45,1,0,0,0,0,0,33.3,0,0,0,0,0,1,10,0,0,0,0,0,0,0,0,0,0,0,0,0,0,0,0,0,0,0,0,0,0,0,0,0,0,0,0,0,0,0,0,0,0,0,1,6,0,2,0,0,-0.1,1,0,104.3,-0.4
575000,Zagreb,,HRV,HRV,74,200,,,R,Rendulic,Borna,RW/C,VAN,1,0,0,0,0.4,0,4.85,0,0,1,1000,0,0,0,0,0,1,0.1,0,0,0,16,16.3,0,0,0,0,0,0,0,0,0,0,0,0,0,0,0,0,0,0,0,0,0,0,0,0,0,0,0,0,0,0,0,0,0,1,0,0,0,0,0,0,0,0,0,2,0,1,0,0,0,0,0,124,0.48
575000,Chesterfield,MI,USA,USA,72,190,,,R,Oleksy,Steve,D,PIT,11,0,1,2,2.1,24,13.7,16.7,7.1,0.93,1001,2.39,1.99,54.5,1,0.4,27,0.4,0,0,0,53.3,52.2,20,28,-8,1,1,19,13,0,0,0,0,0,0,0,0,0,0,0,0,0,0,0,0,0,0,0,1,0,0,1,3,0,0,7,2,-7,-6.3,7,2,0,0,0,5,75,87,15,17,20,0.3,65,3,117,0.2
792500,Oulu,,FIN,FIN,73,186,2015,189,L,Nutivaara,Markus,D,CBJ,66,2,5,7,-3.6,6,13.21,21.9,7.9,0.942,1020,2.2,1.72,56.1,7,0.48,134,2.8,2,2,4,48.1,47.5,36,57,-21,20,9,38,4.8,0,0,0,0,0,1,0,0,0,0,0,0,1,1,0,0,0,0,1,4,2,0,13,22,0,0,29,2,-1,3.4,3,0,0,0,0,25,324,286,100,79,46,2.2,80,15,107.2,0.15
4300000,Scarborough,ON,CAN,CAN,74,185,2007,61,R,Simmonds,Wayne,RW/LW,PHI,82,31,23,-18,3.2,122,18.92,60.7,9.4,0.896,990,3.46,2.68,56.3,20,0.78,397,33,28,32,60,26.4,24.5,162,89,73,39,38,60,4.5,47.1,1,0,7,1,9,4,0,0,0,5,1,1,6,6,0,12,1,6,11,18,5,7,52,25,2,115,21,-19,-6.6,31,6,0,2,1,69,644,521,250,139,97,6.3,350,6.5,123,0.65
2000000,Indianapolis,IN,USA,USA,70,185,2000,159,L,Liles,John-Michael,D,BOS,36,0,5,1,3.1,4,16.22,25,6.6,0.922,987,2.05,1.95,51.3,1,0.1,86,1.8,1,1,2,52.3,43.2,25,43,-18,8,11,41,8.8,100,0.4,1,1,0,0,0,0,0,0,0,0,0,0,0,0,0,0,0,0,0,0,16,10,0,0,10,6,4,6.1,2,0,0,0,0,19,203,234,61,68,29,1.3,70,18,105,0.32
832500,Estevan,SK,CAN,CAN,72,208,2012,8,L,Pouliot,Derrick,D,PIT,11,0,0,-4,-1.8,4,14.88,0,5.4,0.926,980,1.47,2.57,36.4,-3,-1.1,20,0.4,1,0,1,46.3,46.9,14,15,-1,6,3,8,5,0,0,0,0,0,0,0,0,0,0,0,0,0,0,0,0,0,0,0,0,0,0,3,4,0,0,4,0,-2,-1.2,2,0,0,0,0,7,80,81,16,19,6,-0.3,26,8.5,110.4,0
4000000,Grimsby,ON,CAN,CAN,73,200,2001,151,R,Bieksa,Kevin,D,ANA,81,3,11,0,-12.3,63,18.74,25,8.5,0.912,997,2.22,2.85,43.8,-16,-0.63,197,5.8,1,5,6,45.9,42.8,173,73,100,54,13,100,6.5,0,0,0,0,0,1,1,0,0,0,0,0,2,0,0,0,1,0,1,3,4,0,42,3,3,1,41,14,-10,2.3,19,5,0,0,0,72,747,548,231,112,108,3.5,341,9.8,109.5,0.11
8750000,Ancienne-Lorette,QC,CAN,CAN,73,195,2003,45,R,Bergeron,Patrice,C,BOS,79,21,32,12,20.3,24,19.38,53.5,9.7,0.903,1000,3.88,2.27,63.1,41,1.61,479,28.4,12,27,39,31.7,28,54,88,-34,23,64,47,4.1,60.1,95.4,340,420,0,2,7,1,0,0,2,1,4,5,3,0,6,0,6,13,25,8,17,74,22,2,153,7,-5,-0.5,12,0,0,0,0,58,388,499,237,199,90,6.6,125,9.9,116.8,1.11
5500000,Dorval,QC,CAN,CAN,73,200,2008,186,R,Demers,Jason,D,FLA,81,9,19,-14,-10.4,53,19.6,45.2,8.1,0.905,986,2.35,2.95,44.3,-16,-0.61,199,5.8,3,3,6,48.8,47.1,106,96,10,31,19,90,6.5,0,0.1,0,0,0,2,2,1,0,0,0,0,4,2,0,0,3,0,0,1,2,1,56,14,2,0,23,10,-11,-1,19,1,0,1,0,78,548,461,235,194,96,4.9,250,6.6,103.8,0.3
1125000,Winnipeg,MB,CAN,CAN,73,225,2005,156,R,Reaves,Ryan,RW,STL,80,7,6,4,1.5,104,8.88,50,8.6,0.936,1022,2.19,1.77,55.3,5,0.42,105,7.5,9,7,16,25.2,21.7,239,76,163,4,11,26,4.2,0,0.9,0,0,0,2,1,0,0,1,0,0,0,0,2,0,5,0,1,0,7,3,6,2,10,0,30,16,-11,-8,17,6,0,3,1,21,507,364,43,71,62,1.2,375,14.7,97.2,0.13
1050000,Thunder Bay,ON,CAN,CAN,76,221,2007,78,R,Bortuzzo,Robert,D,STL,38,1,3,11,6.7,15,14.07,17.4,9.6,0.909,1005,2.59,2.25,53.5,3,0.34,87,2.1,0,1,1,47.7,40.3,77,72,5,13,4,50,10.7,0,0,0,0,0,0,0,0,0,0,1,0,0,0,0,0,0,0,0,1,3,0,13,3,1,0,25,2,-4,0.5,5,1,0,0,0,20,277,262,59,69,24,2,143,16.2,102.3,0.28
700000,Stockholm,,SWE,SWE,73,200,2011,126,L,Claesson,Fredrik,D,OTT,33,3,8,5,5.8,4,13.13,78.6,6.3,0.929,991,1.94,1.8,51.9,1,0.14,72,1.4,3,4,7,48.8,40.4,55,59,-4,15,4,24,6.3,0,0,0,0,0,0,0,0,0,0,0,0,2,0,0,0,1,0,0,1,1,0,14,4,0,1,5,1,-1,1.1,2,0,0,0,0,13,191,185,59,51,26,2.4,83,29.5,111.7,0.4
5250000,Massena,NY,USA,USA,75,228,2008,3,R,Bogosian,Zach,D,BUF,56,2,9,-17,-4,46,20.08,32.4,6.3,0.915,978,1.82,2.94,38.2,-21,-1.12,135,3.7,5,1,6,56.1,42.8,59,23,36,31,11,97,8.5,0,0.1,0,0,1,0,1,0,0,0,1,0,1,0,0,0,0,0,3,0,4,1,44,9,0,0,15,6,-10,-3.9,13,2,0,1,0,55,437,307,146,122,59,1.4,204,5.4,111.6,0.19
5000000,Halifax,NS,CAN,CAN,72,205,2013,1,R,MacKinnon,Nathan,C/RW,COL,82,16,37,-14,0.5,16,19.93,64.6,8.8,0.893,981,3.02,3.27,48,-7,-0.26,436,22.5,12,24,36,31.6,27.5,56,61,-5,45,47,30,2,50.6,80.7,247,254,2,2,4,1,0,0,4,1,0,1,0,0,10,0,7,5,23,1,16,28,11,3,169,22,14,13.4,8,0,0,0,0,89,401,327,200,217,83,4.8,102,12.9,117,0.72
625000,Walpole,MA,USA,USA,72,195,2010,122,R,Wagner,Chris,C/RW,ANA,43,6,1,2,-2.1,6,9.35,70,7.1,0.953,1025,1.49,1.34,52.6,1,0.15,69,4.9,3,4,7,27.6,28.4,112,61,51,13,4,24,6.1,41.9,41.1,13,22,0,1,0,0,0,1,1,0,0,2,2,0,1,0,0,2,3,2,7,6,6,0,16,5,2,2.9,3,0,0,0,0,9,308,193,58,27,33,0.9,142,38.7,97.1,0.14
4500000,Sorel,QC,CAN,CAN,73,208,1998,75,L,Beauchemin,Francois,D,COL,81,5,13,-14,-12,32,21.48,32.1,7.3,0.897,970,1.94,3.46,35.9,-44,-1.52,279,5.4,4,10,14,55.2,48.2,73,48,25,47,28,156,8.8,0,0,0,0,0,0,1,0,0,0,0,0,2,0,1,0,2,0,1,4,0,1,75,11,1,1,43,7,-9,0,16,0,0,0,0,100,585,409,194,212,99,3.7,261,6.3,110.7,0.25
950000,Saskatoon,SK,CAN,CAN,76,225,2006,68,R,Gryba,Eric,D,EDM,40,2,4,-5,-2.5,65,16.13,33.3,5.7,0.922,979,1.68,2.61,39.1,-10,-0.93,101,2.1,1,3,4,47.6,48.8,145,51,94,21,6,47,7.6,0,0,0,0,0,0,2,0,0,0,0,0,0,0,0,0,2,0,0,0,0,0,12,6,0,0,27,8,-13,-11.1,15,5,0,0,1,28,415,270,116,77,46,1,262,10.1,111.3,0.24
1100000,Ottawa,ON,CAN,CAN,70,180,2011,96,R,Pageau,Jean-Gabriel,C,OTT,82,12,21,13,2.9,24,16.12,71.7,8.2,0.92,1001,2.09,2.54,45.1,-10,-0.45,258,18.9,18,15,33,32.7,27.8,161,137,24,27,25,79,5.5,54.8,70.3,239,127,0,2,2,2,0,0,2,0,1,0,2,0,7,0,4,7,31,4,9,16,18,0,91,20,8,6,12,0,0,0,0,56,562,504,226,131,74,3.4,264,15.5,112.7,0.42
595000,Bromont,QC,CAN,CAN,72,179,,,R,Gaudreau,Frederick,C,NSH,9,0,1,1,0.2,0,8.66,25,8.5,0.925,1010,3.09,2.31,57.1,1,0.77,12,0.8,2,1,3,29,28.5,1,5,-4,1,2,5,6.2,33.3,13.6,1,2,0,0,0,0,0,0,0,0,0,0,0,0,0,0,0,0,1,0,2,3,0,0,2,1,1,1,0,0,0,0,0,3,32,44,9,6,6,0,6,0,125.7,0.18
4500000,Vancouver,BC,CAN,CAN,75,215,2004,214,R,Brouwer,Troy,RW,CGY,74,13,12,-11,-8.6,31,16.21,46.3,9.8,0.922,1020,2.71,2.51,51.9,4,0.2,153,11,4,4,8,27.6,25.8,171,46,125,30,22,39,3.4,31.3,5.1,11,7,0,5,2,1,0,0,0,0,1,1,4,0,6,0,0,3,5,0,10,5,14,0,52,12,-2,0,13,1,0,0,0,50,375,280,205,163,75,1.7,242,14.8,110.4,0.21
1250000,Hull,QC,CAN,CAN,72,200,2001,264,R,Parenteau,PA,RW,N.J/NSH,67,13,15,-18,4,35,14.59,70,7.1,0.89,961,2.47,2.96,45.5,-8,-0.49,173,11.9,10,10,20,32.1,27.9,60,68,-9,30,21,9,1.2,30,2.1,0,6,0,8,2,0,0,0,0,0,1,3,4,0,5,0,1,3,9,1,16,28,10,0,59,10,-6,-6.1,15,1,0,0,0,48,295,347,117,87,56,2.4,105,5.4,105.5,0.4
692500,Buffalo,NY,USA,USA,75,214,2013,52,R,Bailey,Justin,RW,BUF,32,2,2,0,-3.7,4,10.63,36.4,7.2,0.952,1024,1.94,1.76,52.4,1,0.18,75,2.7,3,4,7,32.9,33.8,27,23,4,10,8,14,3.8,0,0.3,0,0,0,0,1,0,0,0,0,1,0,0,0,0,1,0,1,1,7,1,2,3,1,0,22,9,7,2,2,0,0,0,0,10,137,132,41,37,21,0.1,45,17.5,115,0.08
925000,Toronto,ON,CAN,CAN,75,210,2012,65,L,Pelech,Adam,D,NYI,44,3,7,-5,-10.4,6,16.83,37,8.5,0.915,1000,2.19,2.68,45,-6,-0.49,89,1.4,2,6,8,58.7,52.2,73,62,11,28,17,68,9.4,0,0,0,0,0,2,0,0,0,0,0,0,0,0,1,0,2,0,0,1,2,0,12,2,1,0,23,6,3,3.4,3,0,0,0,0,33,340,275,140,97,30,1.4,147,30,106,0.19
4838000,Chatham,ON,CAN,CAN,73,182,2008,114,L,Brodie,T.J.,D,CGY,82,6,30,-16,2.2,24,23.55,46.2,8.7,0.895,982,2.43,2.68,47.6,-8,-0.25,208,5.1,2,6,8,42.2,42.2,30,76,-46,76,57,115,7.3,0,0,0,0,1,1,2,1,0,0,3,0,1,0,0,0,2,0,1,4,7,0,21,12,0,0,38,16,4,13,12,0,0,0,0,86,544,457,323,272,117,5.3,169,7.3,102.1,0.38
750000,Cap-Rouge,QC,CAN,CAN,69,174,,,R,Marchessault,Jonathan,C,FLA,75,30,21,-21,-9.7,38,16.9,73.9,9,0.896,986,3.27,2.99,52.3,6,0.28,315,16.1,8,19,27,34.8,32.3,105,89,16,46,64,17,1.8,45.2,22.9,22,76,1,6,6,1,0,0,2,0,6,7,2,0,13,0,6,3,10,2,53,39,9,4,76,19,0,-2.5,19,0,0,0,0,63,404,368,201,179,76,6.2,160,8.9,111.1,0.67
5200000,Brondby,,DNK,DNK,72,210,2008,8,L,Boedker,Mikkel,LW/RW,S.J,81,10,16,0,2.7,10,14.28,54.2,8.1,0.908,988,2.5,2.6,49,-2,-0.1,222,14.5,10,13,23,24.4,23.9,71,73,-3,36,31,34,3.1,27.8,1.7,1,2,0,2,2,0,0,1,0,1,0,3,2,0,4,1,1,4,10,8,5,17,5,2,75,14,9,7.5,5,0,0,0,0,50,334,421,244,153,41,2.1,116,20.4,115,0.35
600000,Plano,TX,USA,USA,73,205,2011,21,R,Noesen,Stefan,RW,ANA/N.J,44,8,2,6,0.8,24,11.03,62.5,7,0.947,1017,2.01,1.51,57.1,4,0.5,88,6.4,7,2,9,25.2,23.9,50,40,8,11,11,10,2.5,38.8,14.5,3,11,0,2,0,0,0,0,1,0,0,1,0,0,6,1,2,2,8,0,8,17,5,4,21,4,-4,-2,7,0,0,1,0,12,206,178,58,47,28,1.6,84,8.7,97.8,0.27
925000,Ann Arbor,MI,USA,USA,73,206,2013,104,L,Copp,Andrew,C,WPG,64,9,8,8,6.8,18,12.26,65.4,7.7,0.92,997,2.02,2.33,46.4,-4,-0.31,126,8.8,5,8,13,24.4,21.2,87,64,23,15,20,28,3.7,49.5,27.1,32,31,0,4,1,0,0,0,0,1,1,0,1,0,6,1,1,6,5,5,3,7,6,2,49,4,-5,-4,9,0,0,0,0,30,398,284,105,83,48,1.7,133,11.9,104.8,0.28
4750000,Sollentuna,,SWE,SWE,71,189,2005,230,R,Hornqvist,Patric,RW,PIT,70,21,23,16,13.5,28,15.91,52.4,11,0.93,1039,4.55,1.73,72.4,52,2.81,326,26.3,24,15,39,24.9,22.9,227,143,84,11,30,62,7.1,27.3,0.9,0,2,0,2,6,0,0,0,4,0,0,1,3,1,12,1,4,5,29,2,11,25,27,2,127,17,3,7.6,14,0,0,0,0,32,532,569,126,135,67,5.5,317,18.4,118.7,0.86
650000,Toronto,ON,CAN,CAN,72,185,2012,156,R,Brown,Connor,RW,TOR,82,20,16,3,-1.7,10,16.15,53.7,10.5,0.921,1027,3.04,2.54,54.5,11,0.5,248,16.1,8,19,27,27.5,25.9,50,86,-36,25,40,46,3.4,25,0.5,1,0,0,5,4,3,0,0,1,0,0,4,2,0,13,1,6,4,11,2,7,43,7,0,68,12,7,9,5,0,0,0,0,56,464,550,199,188,57,4,106,18,117.3,0.49
4500000,Brantford,ON,CAN,CAN,72,195,2008,82,L,Henrique,Adam,C,N.J,82,20,20,-20,-5.4,38,18.05,63.5,9.3,0.899,992,2.58,3.15,45,-14,-0.57,243,17.9,8,7,15,23.2,20.1,88,93,-7,26,45,67,4.9,48.2,79.2,201,216,1,4,2,0,0,0,2,0,0,7,3,2,6,0,3,4,17,1,12,38,15,5,54,18,3,1.2,14,0,0,1,0,77,429,454,205,157,83,3.9,194,9.5,107,0.43
800000,Fergus,ON,CAN,CAN,72,185,2012,47,L,McGinn,Brock,LW,CAR,57,7,9,-11,-4.5,6,11.92,72.7,7.7,0.892,969,1.97,3.13,38.6,-13,-1.16,141,9.6,14,13,27,26.4,24.1,91,70,16,14,27,22,3.4,25,0.6,0,1,0,1,1,0,0,0,1,0,0,2,1,0,3,0,0,2,12,0,7,18,3,0,34,16,13,10.9,3,0,0,0,0,35,266,282,94,117,25,1.1,119,40,110.6,0.31
925000,Eden Prairie,MN,USA,USA,68,178,2011,91,L,Rau,Kyle,C,FLA,24,2,1,-3,-2.2,4,9.6,60,5.3,0.929,982,1.3,2.09,38.5,-3,-0.78,33,1.5,2,1,3,30.5,31.5,24,21,3,2,7,3,1.5,66.7,1.5,0,1,0,0,0,0,0,0,0,0,0,1,0,0,1,0,0,0,1,0,5,7,0,1,7,1,0,-0.9,1,0,0,0,0,8,115,80,29,34,16,0.1,31,31,101.4,0.08
1000000,Nassjo,,SWE,SWE,72,190,2010,157,R,Fast,Jesper,RW/LW,NYR,68,6,15,6,-1,16,13.78,58.3,9.5,0.916,1011,2.31,2.57,47.4,-4,-0.26,101,7.6,5,4,9,20.8,19,99,95,4,21,29,44,4.8,38.6,5.3,3,7,0,0,1,0,0,0,0,0,0,1,4,0,1,0,1,3,1,0,1,6,15,2,31,7,0,-1.1,7,0,0,0,0,40,407,363,165,119,55,1.5,159,18.3,104.7,0.28
2000000,Hingham,MA,USA,USA,78,244,2003,26,L,Boyle,Brian,C/LW,T.B/TOR,75,13,12,3,3.5,66,13.02,55.6,9.1,0.917,1007,2.77,2.4,53.6,6,0.37,214,13.3,10,13,23,28.1,25.1,115,74,39,19,22,41,4.8,52.2,55.3,124,106,0,2,2,0,0,0,2,1,0,0,3,0,7,0,0,7,14,5,9,9,18,0,76,7,-9,-4,8,6,0,2,0,39,400,415,123,100,65,2.7,228,17.1,108.2,0.45
925000,Pointe-Claire,QC,CAN,CAN,74,192,2012,23,L,Matheson,Michael,D,FLA,81,7,10,-5,-6.3,36,21.02,28.3,7.3,0.918,992,2.12,2.76,43.5,-18,-0.64,314,8.2,1,10,11,47.2,43.1,69,85,-16,65,48,118,7.1,100,0.1,1,0,0,1,0,0,0,0,0,0,1,2,2,1,1,0,4,5,7,0,62,34,3,6,67,17,-1,-1.5,18,0,0,0,0,78,582,530,255,262,110,4.4,223,6.5,109.5,0.34
600000,Campbellville,ON,CAN,CAN,72,186,,,L,Sgarbossa,Michael,C,ANA/FLA,38,2,7,-5,0.2,9,11.15,75,5.6,0.921,977,1.7,2.12,44.4,-3,-0.42,55,2.9,3,1,4,30.6,25.9,39,38,1,14,6,16,4.8,43.9,78.7,43,48,0,0,0,0,0,0,0,0,0,0,0,0,2,0,1,0,2,1,2,4,2,0,22,6,3,0.3,2,1,0,0,0,15,196,145,61,43,26,0.4,65,22.5,96.6,0.23
832500,Salmon Arm,BC,CAN,CAN,72,209,2013,17,R,Lazar,Curtis,C/RW,CGY/OTT,37,1,3,-8,-1.9,4,9.13,50,6.3,0.902,965,1.42,2.84,33.3,-8,-1.42,47,2.4,4,5,9,24.7,26.5,66,42,24,6,7,17,5,39.4,33.7,12,12,0,0,0,0,0,0,0,0,0,0,0,0,1,0,2,1,6,0,2,3,3,0,12,8,6,6,2,0,0,0,0,16,243,158,45,42,24,-0.3,87,36.5,99.8,-0.03
575000,Toronto,ON,CAN,CAN,70,203,,,L,Liambas,Mike,LW,NSH,1,0,0,-1,-0.2,0,4.69,0,0,0.5,500,0,12.82,0,-1,-12.82,0,0,0,0,0,0,,1,0,1,1,0,0,0,0,0,0,0,0,0,0,0,0,0,0,0,0,0,0,0,0,0,0,0,0,0,0,0,0,0,0,0,0,0,0,0,0,0,0,1,2,2,1,0,0,-0.1,1,0,89.7,-0.2
3500000,St. Hyacinthe,QC,CAN,CAN,74,227,2009,94,R,Savard,David,D,CBJ,74,6,17,33,6.8,44,21.82,31.1,9,0.941,1032,2.75,1.97,58.3,21,0.78,264,6.4,8,10,18,46.5,46.2,127,115,12,44,22,126,7.6,0,0,0,0,0,2,0,0,0,0,0,0,0,3,0,0,3,0,2,5,8,0,27,40,0,0,60,6,-15,-8,21,0,0,0,0,53,591,484,177,188,94,7.1,297,7.1,115.4,0.5
1750000,Winnetka,IL,USA,USA,75,210,2009,21,L,Moore,John,D,N.J,63,12,10,-7,-10.9,39,18.77,52.4,8.9,0.905,994,2.16,3.3,39.6,-22,-1.13,220,5.6,3,5,8,45.8,42.9,68,82,-14,40,7,61,5.3,0,0,0,0,1,4,1,0,0,0,1,0,2,6,1,0,2,0,0,1,5,0,21,37,1,0,38,8,-6,4.6,12,1,0,1,0,64,437,421,160,106,61,4.7,169,6.3,106.5,0.28
875000,Victoriaville,QC,CAN,CAN,73,193,2011,26,L,Danault,Phillip,LW/C,MTL,82,13,27,5,11.6,35,15.58,76.9,7.7,0.914,991,2.44,2.4,50.5,1,0.05,226,15.2,14,18,32,25,23.6,76,125,-49,36,49,52,4.6,51.7,78.3,169,173,1,4,3,0,0,0,2,2,1,3,1,0,4,0,2,2,13,3,10,11,15,3,78,7,-9,-9.6,15,1,0,0,0,51,427,604,268,154,76,3.9,164,8.3,115.4,0.63
1000000,Omsk,,RUS,CZE,74,196,2011,41,L,Jaskin,Dmitrij,RW/LW,STL,51,1,10,5,3.7,18,11.55,52.4,7.7,0.933,1010,2.14,1.53,58.3,6,0.61,104,6.3,9,4,13,26.9,23.5,98,82,16,7,13,19,4.3,50,2,2,2,0,0,0,0,0,0,0,0,1,0,0,0,0,0,3,1,8,0,6,2,6,3,30,10,2,-0.8,8,0,0,0,0,15,314,286,50,62,36,0.6,135,13.9,98.2,0.29
575000,Ville Degelis,QC,CAN,CAN,70,190,2009,139,R,Dumont,Gabriel,C,T.B,39,2,2,1,-0.2,29,9.67,50,5.4,0.96,1014,1.27,1.11,53.3,1,0.16,66,4.8,8,7,15,26.3,23.5,83,62,21,5,6,19,5.5,55,55.8,92,27,0,0,0,0,0,0,0,0,0,0,1,0,1,0,0,3,9,0,2,2,1,1,19,13,3,2,7,3,0,0,0,7,269,202,40,25,27,0.1,134,12.7,103.6,0.16
5750000,Virginia,MN,USA,USA,73,200,2005,28,R,Niskanen,Matt,D,WSH,78,5,34,20,4.4,32,22.15,47.6,9.6,0.917,1013,2.86,2.23,56.2,18,0.63,340,6.8,5,23,28,51.7,46.8,147,135,12,67,36,93,6.5,0,0,0,0,0,0,2,0,0,0,0,0,2,0,0,0,3,0,1,5,1,0,57,25,1,0,70,6,-10,-1.6,16,0,0,0,0,64,609,569,313,228,106,7.4,272,11.4,105.5,0.67
1250000,Sherwood Park,AB,CAN,CAN,73,200,2010,23,R,Pysyk,Mark,D,FLA,82,4,13,0,-5.6,10,18.54,34.7,7.7,0.918,994,1.94,2.73,41.5,-20,-0.79,172,4,3,3,6,45.7,44.5,72,77,-5,36,31,99,7,0,0.1,0,0,0,0,0,0,0,0,0,0,1,0,1,0,2,0,0,5,1,1,32,13,1,0,38,5,0,7.3,5,0,0,0,0,69,518,444,235,213,81,4.3,181,20.6,101.3,0.29
700000,Skellefteë,,SWE,SWE,73,202,2010,57,L,Lindberg,Oscar,C,NYR,65,8,12,2,-6.2,32,10.83,71.4,9.3,0.928,1021,2.39,2.13,52.8,3,0.26,150,7,4,4,8,29.8,27.9,94,55,39,12,10,36,5.5,52,90.6,108,83,0,1,1,0,0,0,0,0,0,2,1,0,5,1,0,5,12,0,2,19,3,0,50,8,-8,-8.9,16,0,0,0,0,25,379,332,100,67,50,1.8,162,6.5,106.6,0.28
925000,Yekaterinburg,,RUS,RUS,79,265,2014,66,L,Tryamkin,Nikita,D,VAN,66,2,7,-7,-7.9,64,16.72,30,6.4,0.918,982,1.63,2.67,38,-19,-1.03,162,3.2,1,7,8,51.4,48.1,145,78,67,33,12,87,8.1,0,0,0,0,0,1,0,0,0,0,0,0,1,0,0,0,1,0,5,8,0,2,14,5,0,0,44,5,-24,-13.1,27,2,0,0,0,49,416,368,131,125,74,2.2,298,5.8,106,0.11
13800000,Winnipeg,MB,CAN,CAN,74,201,2006,3,L,Toews,Jonathan,C,CHI,72,21,37,7,-7.3,35,20.15,70.7,10,0.911,1011,3.39,2.81,54.7,14,0.58,310,21.8,12,12,24,25,22,43,124,-81,37,37,32,2.5,54.9,98.4,256,331,1,9,5,3,0,0,3,0,1,0,3,0,14,0,2,5,17,0,18,19,11,5,129,14,-2,2.1,15,1,0,0,0,68,289,554,223,164,70,6.3,111,5.3,116.8,0.87
8000000,Maple Ridge,BC,CAN,CAN,75,200,2004,4,L,Ladd,Andrew,LW,NYI,78,23,8,-14,-0.2,45,16.17,64.6,7.7,0.903,980,2.29,2.81,44.9,-11,-0.52,277,16.2,11,7,18,29.6,28.2,112,83,29,43,37,54,4.4,40,0.9,2,2,1,3,4,1,0,0,0,1,1,5,0,0,16,0,4,7,8,1,5,30,11,0,87,10,-10,-10.2,19,1,0,0,0,59,517,480,215,127,58,3.1,212,7.8,117,0.33
1000000,Oklahoma City,OK,USA,USA,75,205,2010,38,L,Merrill,Jon,D,N.J,51,1,5,-9,-1.2,24,18.66,24,6.4,0.911,974,1.58,2.65,37.3,-17,-1.07,95,2.1,1,6,7,52.5,45.4,39,100,-61,22,16,67,7.9,0,0,0,0,0,0,0,0,0,0,0,0,0,0,0,1,0,0,0,5,0,0,17,15,0,1,15,5,-7,-2.5,12,0,0,0,0,42,350,381,104,102,54,1.3,131,4.6,96.6,0.11
925000,Markham,ON,CAN,CAN,72,170,2015,4,R,Marner,Mitchell,C/RW,TOR,77,19,42,0,-2.3,38,16.74,72.6,11,0.914,1024,3.92,2.62,60,28,1.31,,18.4,,17,,28.6,,41,101,-60,62,67,39,3.4,37.8,2.9,3,8,0,4,5,0,0,0,0,0,0,8,1,1,9,0,4,7,12,0,11,57,6,1,88,20,2,3.2,18,0,0,0,0,56,372,519,256,198,72,6.6,118,6,122.3,0.74
600000,Toronto,ON,CAN,CAN,72,205,2011,150,R,Corrado,Frank,D,PIT/TOR,4,0,0,-1,-1.4,8,10.73,0,5.6,0.935,991,1.41,2.82,33.3,-1,-1.41,11,0.3,0,0,0,46,33.1,4,3,1,2,0,2,4.3,0,0,0,0,0,0,0,0,0,0,0,0,0,0,0,0,0,0,0,0,0,0,1,1,0,0,1,2,-2,-1.8,4,0,0,0,0,2,19,21,8,4,7,-0.1,14,1,128.1,-0.07
832500,Moscow,,RUS,RUS,77,230,2013,16,L,Zadorov,Nikita,D,COL,56,0,10,-20,-12.8,73,19.03,38.5,5.9,0.904,963,1.46,3.21,31.3,-31,-1.75,157,2.9,2,5,7,54.4,48.3,153,43,110,25,12,69,6.5,0,0,0,0,0,0,0,0,0,0,0,0,0,0,0,0,0,0,2,6,0,0,24,7,0,0,30,11,-21,-8.1,29,3,0,0,0,57,480,251,109,131,84,0.8,298,5.7,107.2,0.1
2750000,Kitchener,ON,CAN,CAN,73,206,2003,37,R,Klein,Kevin,D,NYR,60,3,11,5,-3.8,31,17.61,27.5,10.3,0.901,1004,2.9,3.07,48.6,-3,-0.17,115,2.9,1,4,5,50.8,44,135,75,60,35,12,123,11.8,0,0,0,0,0,1,0,0,0,0,0,0,3,0,0,0,0,0,0,1,0,0,27,7,0,0,20,4,-6,-2.2,7,3,0,0,0,54,450,389,185,137,54,2.8,292,21,111.1,0.27
4250000,Magnitogorsk,,RUS,RUS,73,225,2006,44,L,Kulemin,Nikolay,LW/RW,NYI,72,12,11,3,-1.6,18,13.8,51.1,10.6,0.906,1012,2.73,3.03,47.4,-5,-0.3,146,9.2,9,9,18,25.9,27.2,78,41,37,17,30,45,4.3,51.9,2.7,5,3,0,2,4,1,0,0,1,1,2,1,1,0,6,0,2,6,7,2,6,10,5,0,44,8,-1,-4.1,9,0,0,0,0,50,502,346,136,117,44,2.2,141,12,109.4,0.28
3100000,Milwaukee,WI,USA,USA,73,210,2012,3,L,Galchenyuk,Alex,C/LW,MTL,61,17,27,-5,-4.3,24,15.92,73.3,11.1,0.911,1021,3.71,2.72,57.7,16,0.99,198,11.7,10,15,25,27.3,25.2,36,84,-48,34,17,32,3.7,42.7,71.9,32,151,5,3,6,1,0,0,1,0,5,2,1,0,8,1,1,6,9,0,8,18,3,2,64,7,-4,-2.3,11,0,0,0,0,44,380,455,188,85,55,4.9,92,4.8,116.4,0.61
575000,Victoria,BC,CAN,CAN,73,207,,,L,Irwin,Matt,D,NSH,74,3,11,15,4.1,26,16.26,29.2,8.7,0.932,1019,2.39,2.04,53.9,7,0.35,217,3.8,4,8,12,53.8,45.2,115,133,-18,39,18,121,10.6,0,0,0,0,0,0,1,0,0,0,0,0,0,1,0,0,2,0,2,5,3,0,29,19,0,0,47,10,-3,7.4,13,0,0,0,0,41,528,515,154,139,79,4,262,10.2,109.5,0.34
2250000,Strasbourg,SK,CAN,CAN,73,203,2000,33,L,Schultz,Nick,D,PHI,28,0,4,1,-1.1,10,15.25,26.7,8.8,0.907,995,2.11,2.81,42.9,-5,-0.7,63,1,1,1,2,53.4,51.7,45,50,-5,13,2,61,13.4,0,0,0,0,0,0,0,0,0,0,0,0,0,0,0,0,0,0,0,3,1,0,14,6,0,0,4,0,-5,-2.2,5,0,0,0,0,20,195,187,66,43,25,1.1,116,9.4,111.3,0.17
575000,Pardubice,,CZE,CZE,75,210,,,L,Nosek,Tomas,LW/C,DET,11,1,0,-1,0.9,2,10.12,50,3.6,0.95,986,1.08,1.62,40,-1,-0.54,24,2.4,4,1,5,20.7,19.9,10,17,-7,3,5,5,4.3,54.4,77.3,15,9,0,0,0,0,0,0,0,0,0,0,0,0,1,0,0,0,1,1,1,2,0,2,12,1,0,0,1,0,0,0,0,3,45,63,16,7,2,0,17,15,115.3,0.14
600000,Melville,SK,CAN,CAN,74,205,2012,60,R,Severson,Damon,D,N.J,80,3,28,-31,-10.2,58,20.24,52.5,7.1,0.915,987,2.21,2.43,47.6,-6,-0.22,275,6.3,8,6,14,48.2,48.3,79,62,17,52,23,71,5.5,0,0,0,0,0,2,1,0,0,0,0,0,0,0,0,0,3,2,2,5,2,0,67,31,0,0,25,13,-13,-6,24,2,0,0,0,65,538,531,203,138,104,3.4,212,4.3,104.9,0.36
625000,Wethersfield,CT,USA,USA,74,219,2003,51,R,McDonald,Colin,RW/C,PHI,3,1,0,1,-0.4,0,9.02,100,7.7,1,1077,2.22,0,100,1,2.22,6,0.7,0,1,1,24.4,21.6,9,3,6,0,0,0,0,0,4,0,0,0,0,0,0,0,0,0,0,0,0,0,0,1,0,0,0,0,0,0,3,0,0,2,0,0,0,0,0,0,0,0,0,20,14,2,0,0,0.2,9,0,97.5,0.46
4000000,Windsor,ON,CAN,CAN,72,203,2006,112,L,Beleskey,Matt,LW,BOS,49,3,5,-10,5.1,47,13.23,47.1,4.8,0.911,959,1.57,2.03,43.6,-5,-0.46,149,5.6,6,7,13,35.7,33.3,98,,,12,7,18,3.6,41.4,12,4,19,0,1,0,0,0,0,0,0,0,1,0,0,2,0,0,6,5,2,7,20,1,0,44,8,-11,-9.1,16,3,0,0,0,22,281,283,80,62,46,-0.2,166,6.6,106.3,0.25
2400000,Meadow Lake,SK,CAN,CAN,73,202,2004,47,R,Comeau,Blake,LW/RW,COL,77,8,12,-19,-12.8,58,14.98,57.1,7.4,0.885,959,1.82,3.69,33,-36,-1.87,197,9.2,6,15,21,37.4,32,129,66,63,18,35,22,2,46.3,23,40,50,0,1,1,1,0,0,0,0,2,2,2,0,2,0,1,2,9,1,22,15,3,1,52,31,6,-1.6,24,0,0,1,0,71,455,314,110,134,77,0.7,209,6.8,105.5,0.29
867500,Toronto,ON,CAN,CAN,72,200,2012,38,L,Di Giuseppe,Phillip,LW,CAR,36,1,6,-12,0.1,15,12.19,63.6,4.5,0.898,943,1.53,2.78,35.5,-9,-1.25,110,7.4,7,5,12,28.5,26.9,91,36,53,12,12,10,2.8,0,0.6,0,0,1,1,1,0,0,0,0,0,0,0,0,0,1,0,2,2,12,0,3,16,5,2,30,1,-5,-3.8,5,1,0,0,0,20,216,183,67,65,19,-0.3,117,20.6,113.5,0.31
1300000,Greenfield Park,QC,CAN,CAN,71,190,2004,126,R,Mitchell,Torrey,C/RW,MTL,78,8,9,5,1,38,12.6,58.6,7.7,0.916,993,1.77,2.5,41.4,-12,-0.73,124,8,6,13,19,28.3,25.1,47,63,-16,39,43,56,5.7,54.5,74.8,210,81,0,1,1,1,0,0,1,1,1,0,0,1,4,0,0,5,10,1,3,4,3,4,43,15,-1,-3.2,14,2,0,0,0,41,388,479,208,114,55,1.3,143,6.4,104.3,0.23
575000,Bern,,CHE,CHE,71,192,2013,186,L,Vermin,Joel,RW,T.B,18,0,3,2,0.3,4,10.93,50,7.3,0.923,996,1.83,2.44,42.9,-2,-0.61,25,1.5,2,1,3,23.6,26.4,17,26,-9,2,5,7,3.4,66.7,1.5,1,1,0,0,0,0,0,0,0,0,0,0,0,0,0,0,0,0,0,0,1,1,1,0,9,3,1,-1,2,0,0,0,0,8,112,78,30,15,16,0.1,28,11,108.3,0.07
832500,Calgary,AB,CAN,CAN,72,195,2013,13,L,Morrissey,Josh,D,WPG,82,6,14,6,0.9,38,19.37,26.7,10.3,0.895,998,2.87,3.02,48.7,-4,-0.15,214,4.3,1,8,9,47.8,45.8,145,106,37,38,15,136,9.7,0,0,0,0,0,1,3,0,0,0,0,0,3,0,1,0,2,0,1,6,3,0,30,11,1,1,53,10,-9,-0.3,19,0,0,0,0,79,663,501,225,210,97,3.7,322,8.4,106.8,0.35
7000000,G_vle,,SWE,SWE,73,213,2006,4,L,Backstrom,Nicklas,C,WSH,82,23,63,17,1.3,38,18.25,84.3,11.9,0.923,1042,4.09,1.97,67.5,53,2.13,268,17,14,16,30,30.6,29.3,45,71,-26,54,61,33,2.7,51.4,81.5,170,268,2,5,5,1,0,0,3,1,1,4,2,0,12,0,5,8,12,4,14,34,12,0,86,11,-8,-4.1,19,0,0,0,0,49,493,435,267,204,90,9.9,116,5.6,114.9,0.91
700000,Burlington,ON,CAN,CAN,75,221,2012,95,R,Anderson,Josh,RW,CBJ,78,17,12,12,-0.1,89,12.01,69,9.5,0.939,1034,2.69,1.92,58.3,12,0.77,193,14.1,10,9,19,27.8,25,147,86,61,16,25,40,4.4,27.6,3.3,1,6,0,3,3,0,0,0,5,0,0,5,1,0,6,1,1,5,20,0,9,34,7,1,48,24,-13,-14.9,32,5,0,0,0,30,391,352,96,87,65,4,281,5.4,107.9,0.33
850000,Oulu,,FIN,FIN,72,183,2011,45,L,Granlund,Markus,C,VAN,69,19,13,-19,-6.7,14,17.3,68.1,8.4,0.896,980,2.37,2.97,44.3,-12,-0.6,220,15.5,13,16,29,27.4,25.5,32,61,-29,18,33,11,1.1,39.6,8.5,9,21,1,2,3,0,0,0,1,4,0,1,1,1,11,1,2,16,11,7,10,18,2,2,72,14,7,7.5,7,0,0,0,0,59,319,395,139,130,44,3.2,57,9.3,103.5,0.46
925000,Guildford,,GBR,GBR,75,211,2014,12,L,Perlini,Brendan,LW,ARI,57,14,7,-4,-11,20,14.82,63.6,8.5,0.935,1021,2.35,1.92,55,6,0.43,176,9.8,5,8,13,26.6,25.7,42,36,6,13,8,15,1.9,50,0.3,0,0,0,3,2,0,0,0,0,0,1,0,1,0,12,0,0,4,9,0,2,6,6,0,69,8,-2,-2.8,10,0,0,0,0,27,354,307,111,63,54,2.3,77,5,110.7,0.24
722500,Kennebunkport,ME,USA,USA,74,208,,,R,Hathaway,Garnet,RW,CGY,26,1,4,0,-1.2,44,9.13,62.5,10.3,0.925,1027,2.02,2.02,50,0,0,40,2.6,3,2,5,25.5,24.9,56,27,29,3,8,14,6.4,52.6,9,1,2,0,0,0,0,0,0,0,0,0,0,1,0,0,0,1,0,4,2,0,3,4,0,9,10,-2,-4,7,4,0,1,0,8,146,106,28,30,26,0.3,118,9.1,100.2,0.1
4250000,Rodovre,,DNK,DNK,74,207,2007,13,L,Eller,Lars,C/LW/RW,WSH,81,12,13,15,3.8,36,13.9,56.8,8.4,0.922,1007,2.35,2.19,51.8,3,0.16,225,12.1,7,14,21,30.3,27.6,71,131,-60,32,31,30,2.9,47.1,90.8,140,139,0,3,2,2,0,0,0,0,1,2,2,0,7,0,3,8,14,2,10,18,8,1,62,26,8,2.8,18,0,0,0,0,41,393,473,185,149,72,2.6,137,5.7,108.2,0.46
925000,Cherepovets,,RUS,RUS,74,193,2013,75,L,Buchnevich,Pavel,RW/LW,NYR,41,8,12,6,-1.2,13,13.26,58.8,11.7,0.919,1036,3.75,2.32,61.8,13,1.43,110,6,6,5,11,31,25.4,17,48,-31,22,11,8,1.8,14.3,1.3,1,0,0,2,0,1,0,0,0,0,1,1,1,0,5,0,1,5,4,0,7,8,2,0,34,4,-1,3,4,1,0,0,0,21,200,211,85,54,30,2.3,39,7,109.4,0.46
1850000,Blaine,MN,USA,USA,72,209,2000,131,L,Hendricks,Matt,LW/C,EDM,42,4,3,-3,-1.7,29,10.74,58.3,7.1,0.9,971,1.6,2.93,35.3,-10,-1.33,61,3.4,2,7,9,41.2,30.2,79,47,32,9,10,39,8.3,56.9,49.5,71,32,0,1,1,0,0,0,0,0,0,1,0,0,3,0,0,1,4,0,2,10,5,0,21,7,-6,-3.1,12,1,0,0,0,22,287,194,79,42,38,0.3,148,7.4,103.7,0.14
5000000,Hull,QC,CAN,CAN,73,204,2006,6,L,Brassard,Derick,C,OTT,81,14,25,12,6.1,24,17.37,52,9.2,0.92,1011,3.2,1.97,62,29,1.24,337,17.4,12,28,40,33.2,30.9,92,70,22,37,37,24,2.2,50,83.7,190,229,0,1,3,1,0,0,1,0,2,2,1,0,8,1,2,9,14,4,27,35,12,4,99,13,1,2.5,12,0,0,0,0,46,513,470,246,184,81,4.1,140,10.8,113.7,0.63
925000,Cologne,,DEU,DEU,73,216,2014,3,L,Draisaitl,Leon,C,EDM,82,29,48,7,12.2,20,18.88,70,12,0.901,1021,4.27,2.68,61.5,41,1.59,298,25.1,17,16,33,21.2,21.4,41,86,-45,75,75,36,2.8,49,64,142,220,3,4,5,2,0,0,3,1,4,5,4,0,12,0,6,3,22,4,13,35,18,2,79,20,10,8.8,10,0,0,0,0,69,542,501,292,189,67,9.6,97,11.6,116.1,0.88
615000,Cambridge,ON,CAN,CAN,75,210,2012,161,R,Dotchin,Jake,D,T.B,35,0,11,10,1.3,35,18.42,44,8,0.947,1026,2.33,1.49,61,9,0.84,113,2,1,6,7,53.5,50.6,85,36,49,23,4,19,3.6,0,0,0,0,0,0,0,0,0,0,0,0,0,0,0,0,0,1,0,1,0,0,20,7,1,0,22,11,-5,-3.7,15,1,0,0,0,16,279,251,100,65,53,2.7,140,5.9,110.2,0.42
4000000,Karlstad,,SWE,SWE,73,193,2011,10,L,Brodin,Jonas,D,MIN,68,3,22,5,11.9,20,19.54,39.7,9.8,0.918,1017,2.85,2.31,55.3,12,0.54,186,3.7,2,7,9,53,50.2,20,81,-61,29,16,89,7.6,0,0,0,0,0,1,2,0,0,0,0,0,0,0,0,0,3,0,1,3,1,0,37,7,0,0,40,7,-3,3.8,10,0,0,0,0,51,352,442,136,128,66,4.1,129,3.6,105.5,0.41
715000,Bayonne,,FRA,FRA,73,208,2011,48,L,Ouellet,Xavier,D,DET,66,3,9,2,-0.7,51,17.85,30,7.8,0.927,1005,2.06,2.32,47.1,-5,-0.26,176,3.6,3,8,11,53.4,47.2,73,68,4,21,8,86,7.5,0,0.2,0,0,0,0,0,0,0,0,0,0,2,0,0,0,1,0,1,2,2,0,28,12,0,1,46,8,-9,1.1,13,3,0,1,0,45,435,463,147,96,62,3.2,214,6.3,108.3,0.27
1600000,St. John's,NL,CAN,CAN,74,195,,,R,Purcell,Teddy,LW/RW,L.A,12,0,2,0,-3.6,0,12.89,50,5.8,0.947,1005,1.55,1.55,50,0,0,20,0.6,1,1,2,39.8,35.7,7,15,-8,3,2,2,1.4,100,1.9,0,3,0,0,0,0,0,0,0,0,0,0,0,0,0,0,1,0,1,0,2,3,0,0,4,0,0,0.1,0,0,0,0,0,4,78,88,26,7,5,0,9,0,105.5,0.07
874125,Edmonton,AB,CAN,CAN,75,210,2011,11,L,Siemens,Duncan,D,COL,3,0,0,-2,-0.5,2,12.31,0,0,0.9,900,0,3.25,0,-2,-3.25,4,0.1,0,0,0,77.5,62.4,10,0,10,2,0,1,2.9,0,0,0,0,0,0,0,0,0,0,0,0,0,0,0,0,0,0,0,0,0,0,1,0,0,0,1,0,-1,-0.8,1,0,0,0,0,2,21,7,9,2,1,-0.1,13,10,104,-0.15
5000000,Halifax,NS,CAN,CAN,69,181,2006,71,L,Marchand,Brad,LW/C,BOS,80,39,46,18,17.7,81,19.37,75.2,11.1,0.9,1011,4.38,2.44,64.2,50,1.94,408,23.5,21,13,34,28.5,27,51,129,-78,84,69,35,3,36.1,2,1,9,1,7,8,4,1,1,10,1,0,8,0,1,19,2,3,10,22,2,3,41,10,7,141,30,-5,-7.7,33,1,0,0,1,63,412,541,251,206,103,12.6,168,3.6,116.6,1.24
1000000,Mlada Boleslav,,CZE,CZE,73,194,1999,212,R,Vrbata,Radim,RW,ARI,81,20,35,-18,-14.8,16,16.87,76.4,9.7,0.911,1007,3.17,2.64,54.5,12,0.53,409,17.9,15,20,35,37.1,33.1,48,46,2,32,34,31,2.6,36.2,3.2,2,14,0,5,4,0,1,1,1,0,4,2,3,0,10,0,7,5,8,0,56,20,9,0,140,6,-2,2.6,8,0,0,0,0,60,470,374,179,112,87,5.3,95,10.3,114.1,0.59
1000000,Marsta,,SWE,SWE,73,189,2011,53,L,Karlsson,William,C,CBJ,81,6,19,10,0.6,10,13.39,58.1,8.8,0.925,1013,2.38,2.49,48.9,-2,-0.11,169,10.1,8,7,15,26,25.6,35,44,-9,20,33,24,2.2,45.3,88.1,182,112,0,2,3,0,0,0,1,0,0,1,0,0,4,0,1,2,13,3,8,23,5,0,44,10,6,3,4,0,0,0,0,45,336,351,117,102,61,2,69,17,107.1,0.28
600000,Fort Lauderdale,FL,USA,USA,73,195,,,R,Megna,Jayson,C,VAN,58,4,4,-4,-7.8,6,12.43,47.1,5.8,0.945,1003,1.41,1.58,47.2,-2,-0.17,107,7.6,7,10,17,27.7,25,87,36,51,8,20,23,3.6,12.5,2.5,0,1,0,1,0,0,0,0,1,0,0,0,1,0,2,0,3,1,7,3,3,5,4,1,49,13,10,9.7,3,0,0,0,0,19,263,285,77,74,30,0.1,116,35.7,101.4,0.13
2250000,Buffalo,NY,USA,CAN,75,228,2009,104,L,Foligno,Marcus,LW,BUF,80,13,10,-1,-2.5,73,15.46,56.1,7.4,0.934,1008,1.99,2.18,47.7,-4,-0.19,175,10.6,5,12,17,32.2,29.1,279,90,189,35,33,57,4.6,20,0.4,1,0,0,2,0,2,0,0,3,0,1,0,0,0,9,0,2,7,12,3,5,15,5,2,55,22,-1,4,14,9,0,0,0,45,597,398,165,105,82,2.1,418,22.3,108.9,0.25
950000,Lethbridge,AB,CAN,CAN,71,176,2004,134,R,Versteeg,Kris,RW/LW,CGY,69,15,22,-3,-8.1,46,14.73,74,9.5,0.924,1019,2.95,1.95,60.2,17,1,254,9.7,3,15,18,35.3,31.5,5,40,-35,31,38,28,3.5,52,9.9,4,42,0,1,1,1,0,0,2,0,7,1,0,0,5,0,1,3,12,0,26,18,5,0,75,17,1,5.1,13,2,0,0,1,33,296,265,172,125,61,3.9,81,3.3,105.4,0.49
1200000,Sault Ste. Marie,ON,CAN,CAN,75,235,2001,50,R,Thorburn,Chris,RW/LW,WPG,64,3,1,-7,-1.6,95,6.94,40,6.1,0.904,965,1.37,2.87,32.3,-11,-1.5,62,3.1,3,7,10,33.5,28.4,90,35,53,4,3,25,5.8,50,7.2,0,10,0,1,0,0,0,0,0,0,0,2,0,0,1,0,0,0,6,0,6,5,0,0,19,6,-22,-12.1,15,13,0,0,0,21,261,193,62,39,48,-0.4,223,6.3,99.7,-0.01
950000,Lynnfield,MA,USA,USA,73,183,,,R,Flynn,Brian,C/RW,MTL,51,6,4,2,-2,4,12.06,50,9.3,0.915,1008,1.95,2.54,43.5,-6,-0.59,92,4.7,6,8,14,31.5,25.1,20,52,-32,15,13,29,4.7,46.3,23.1,36,20,0,1,0,0,0,0,2,0,0,0,0,0,4,0,3,0,5,0,1,3,3,0,35,4,2,1.9,2,0,0,0,0,26,203,284,107,63,27,0.8,53,16.5,103.4,0.21
5000000,Kladno,,CZE,CZE,73,194,2006,10,L,Frolik,Michael,RW/C,CGY,82,17,27,13,7.8,58,17.07,62.9,9.2,0.907,999,3,2.53,54.3,11,0.47,352,17.9,13,27,40,32.6,27.8,60,90,-30,38,45,48,4,44.8,2,6,6,1,4,1,0,0,0,2,1,0,0,0,0,14,1,2,8,36,1,13,20,6,0,126,7,-17,-13,23,0,0,1,0,59,341,340,210,180,100,4.9,166,4.6,111.8,0.68
6500000,Winnipeg,MB,CAN,SWE,72,211,2002,24,L,Steen,Alex,LW/C,STL,76,16,35,-2,-0.1,53,19.28,69.9,11.1,0.902,1013,2.99,2.71,52.5,7,0.29,228,12.6,6,6,12,30.3,27.9,33,101,-68,18,27,69,5.4,40.9,14.2,32,30,0,2,2,4,0,0,0,0,3,2,1,0,10,2,3,6,10,0,25,7,12,0,63,24,3,-2.5,19,1,0,1,0,66,300,448,122,134,92,5,156,3.2,103.5,0.56
900000,Brandon,MB,CAN,CAN,76,220,2011,46,L,Edmundson,Joel,D,STL,69,3,12,11,-4,60,17.76,34.1,8.2,0.936,1017,2.16,2.01,51.8,3,0.15,171,3.4,5,3,8,55.2,46.9,122,67,55,26,7,95,7.8,0,0,0,0,0,0,1,0,0,0,0,0,1,0,0,0,2,0,1,3,0,0,28,9,0,0,44,5,-19,-12.7,20,4,0,0,0,41,509,457,116,132,91,4.2,281,6.5,108.5,0.21
12000000,Sicamous,BC,CAN,CAN,76,232,2003,49,R,Weber,Shea,D,MTL,78,17,25,20,6.5,38,25,48.8,9.1,0.933,1025,2.66,1.89,58.5,25,0.77,425,8.4,5,27,32,57.6,51,140,94,46,80,11,157,8.9,0,0,0,0,0,5,4,0,0,0,0,1,12,2,0,0,2,0,5,9,1,1,89,21,0,0,71,6,-13,1.1,19,0,0,0,0,61,686,797,366,179,122,10.1,335,7.9,110.3,0.69
925000,Nousiainen,,FIN,FIN,76,211,2015,10,L,Rantanen,Mikko,RW,COL,75,20,18,-25,-7.2,22,18.02,56.7,8.6,0.901,988,2.98,3.03,49.6,-1,-0.04,243,14.2,9,13,22,25.3,26,29,73,-44,32,49,33,2.8,58,3.5,2,26,1,5,2,0,0,1,0,0,4,3,2,0,11,0,2,3,19,2,14,18,7,6,67,19,8,10.4,11,0,0,0,0,68,304,299,161,173,63,3.6,84,7.1,116.5,0.45
925000,Karlstad,,SWE,SWE,74,197,2015,20,L,Eriksson Ek,Joel,C/RW/LW,MIN,15,3,4,1,-1.4,4,10.61,100,10.9,0.941,1050,2.64,2.26,53.8,1,0.38,25,1.2,1,1,2,31.2,27.8,23,15,8,3,3,8,4.7,41.3,68.6,8,19,0,2,1,0,0,0,0,0,0,1,0,0,2,0,0,1,3,0,1,4,0,1,6,1,-1,0,2,0,0,0,0,6,69,77,11,15,8,0.8,35,13,108.6,0.25
874125,Toronto,ON,CAN,CAN,72,180,,,L,Tanev,Brandon,LW/C/RW,WPG,51,2,2,-6,-4.2,26,10.61,50,5.1,0.916,966,0.9,2.69,25,-16,-1.8,79,3.9,4,7,11,31.2,29.9,128,67,60,9,19,31,5.5,100,0.2,0,0,0,0,1,0,0,0,0,0,0,0,0,0,2,0,0,0,5,3,0,6,1,2,37,14,8,5.9,3,2,0,0,1,24,312,224,81,63,29,-0.6,187,49,98.4,0.06
5000000,Vantaa,,FIN,FIN,72,196,2002,95,L,Filppula,Valtteri,C/LW,PHI/T.B,79,12,30,-1,-4.1,26,17.4,65.6,9.4,0.904,998,2.79,2.97,48.5,-4,-0.17,147,9.9,9,8,17,27.3,24.4,26,83,-57,39,30,39,3.1,47.8,82.9,201,161,0,2,1,2,0,0,2,0,0,0,3,0,7,0,2,6,13,1,5,10,11,1,56,11,-2,0.7,13,0,0,0,0,68,393,485,217,121,84,3.7,91,4.3,108.2,0.42
1500000,Gothenburg,,SWE,SWE,75,209,2006,161,L,Stalberg,Viktor,LW/RW,CAR/OTT,75,11,5,-9,-1.1,41,12.19,69.6,6,0.915,975,1.51,2.5,37.7,-15,-0.99,181,9.8,9,11,20,31,28.6,141,112,29,27,37,28,3.3,0,0.4,0,0,0,1,2,0,0,0,1,0,0,4,1,0,5,0,1,2,6,0,4,30,7,2,52,15,-4,-2.8,18,1,0,0,0,38,391,398,125,145,51,1.2,211,9.9,105.3,0.25
2725000,Trebic,,CZE,CZE,70,197,2005,106,L,Sobotka,Vladimir,LW/C,STL,1,1,0,0,-0.3,0,16.68,100,9.1,0.875,966,3.6,3.6,50,0,0,4,0.6,1,0,1,14.5,16.8,0,1,-1,0,1,0,0,50,50,1,5,0,0,0,0,0,0,0,0,0,0,0,0,1,0,0,0,0,0,0,0,0,0,2,0,0,0.1,0,0,0,0,0,1,0,2,1,2,0,0.2,0,0,118.7,1.05
670000,Toronto,ON,CAN,CAN,70,190,2012,104,L,Smith,Gemel,C,DAL,17,3,3,-1,-1.2,21,13.58,85.7,7.2,0.927,999,1.82,2.34,43.8,-2,-0.52,32,2.4,3,2,5,31.6,28.3,6,21,-15,6,4,6,2.4,42.4,31.4,8,7,0,0,0,0,0,0,1,0,0,0,2,0,0,0,1,1,4,0,0,3,4,0,8,4,-1,0,3,1,0,0,1,9,78,82,31,15,18,0.5,34,3.3,117.2,0.24
875000,St. Cloud,MN,USA,USA,73,194,,,L,Schmidt,Nate,D,WSH,60,3,14,22,10.1,16,15.47,35.4,10.7,0.936,1043,3.11,1.75,64,21,1.36,139,3.5,2,3,5,42.7,42.3,51,70,-19,44,36,37,4.7,0,0,0,0,0,1,0,0,0,0,0,0,0,1,0,0,2,0,1,5,2,0,21,8,2,1,26,4,-4,-2.6,8,0,0,0,0,27,358,405,150,125,58,4.5,104,10.9,106.8,0.41
3250000,Rochester,NY,USA,USA,67,178,1998,82,R,Gionta,Brian,RW,BUF,82,15,20,-11,-4.2,22,16.6,76.1,7.5,0.923,998,2.03,2.69,43,-15,-0.66,243,14.7,11,14,25,33.1,29.1,54,77,-23,26,28,30,2.1,43.4,8.5,9,29,0,1,3,0,0,0,2,2,0,1,3,0,7,3,0,7,8,4,22,16,12,0,87,7,-4,-3.6,11,0,0,0,0,61,517,432,169,127,90,3,106,7.5,112,0.3
925000,Toronto,ON,CAN,CAN,72,173,2014,28,R,Ho-Sang,Joshua,RW/C,NYI,21,4,6,1,-0.4,12,16.42,55.6,9.9,0.929,1029,3.14,1.92,62.1,7,1.22,44,2,1,2,3,28.9,31,4,41,-37,20,9,2,0.7,0,0.8,0,0,0,1,0,0,0,0,1,0,1,0,1,0,1,0,0,0,1,1,1,1,1,0,17,6,1,0.6,5,0,0,0,0,11,116,163,54,32,17,1,18,2.6,113,0.48
2000000,Newport Beach,CA,USA,USA,71,187,2010,59,L,Zucker,Jason,LW/RW,MIN,79,22,25,34,17,30,15.28,68.1,11.4,0.931,1046,3.43,1.94,63.9,30,1.49,292,16.4,15,11,26,27.1,24.8,73,90,-17,23,44,42,3.7,20,0.5,0,1,0,3,3,1,0,0,7,0,0,3,4,1,7,0,4,6,27,2,9,20,9,6,99,34,19,9.2,15,0,0,0,0,39,292,383,125,140,49,6.7,145,7.8,109.5,0.69
625000,Guelph,ON,CAN,CAN,71,205,,,L,Haley,Micheal,C,S.J,58,2,10,6,2.6,128,9.1,54.5,9.2,0.932,1024,2.51,1.83,57.9,6,0.68,85,4.9,4,5,9,26.2,28.4,129,48,81,19,18,22,4.5,44.3,32.8,20,22,0,0,1,0,0,0,0,1,1,0,0,0,0,0,0,1,3,2,4,5,3,0,21,14,-18,-16,14,16,1,1,0,16,307,260,101,67,58,1,296,10.5,108,0.15
925000,Jyv_skyl_,,FIN,FIN,71,195,2014,14,R,Honka,Julius,D,DAL,16,1,4,-4,-1.1,4,16.82,41.7,7.6,0.873,949,2.69,3.14,46.2,-2,-0.45,61,1.3,1,0,1,52.8,51.8,9,19,-10,9,6,15,7.2,0,0,0,0,1,0,1,0,0,0,0,0,0,0,0,0,1,0,0,0,0,0,7,3,0,0,24,2,0,1.5,2,0,0,0,0,14,79,89,48,31,10,0.5,28,7.5,111.4,0.55
3500000,Welland,ON,CAN,CAN,71,218,2006,72,R,Clutterbuck,Cal,RW,NYI,66,5,15,2,3.8,28,13.99,58.8,8.5,0.922,1008,2.21,2.54,46.6,-5,-0.33,199,11.2,4,12,16,28.4,25.7,222,94,128,16,30,25,2.5,37.5,0.8,1,2,0,2,1,0,0,0,0,0,0,1,1,0,3,0,2,9,17,2,14,12,7,1,62,15,1,-3.9,14,0,0,0,0,39,590,343,104,111,50,1.2,275,18,111.8,0.32
925000,Edmonton,AB,CAN,CAN,73,195,2012,175,R,Benning,Matthew,D,EDM,62,3,12,8,3.8,29,16.6,30.6,9.6,0.925,1021,2.86,2.1,57.6,13,0.76,152,3.6,6,11,17,44,41.9,111,95,16,49,7,64,7.2,0,0,0,0,0,1,0,0,0,0,0,0,0,2,0,0,1,0,1,3,2,0,12,20,0,1,34,14,1,1,12,1,0,0,0,36,481,391,208,132,54,3.5,205,9.8,106.8,0.37
1650000,St. Albert,AB,CAN,CAN,76,214,,,L,Holden,Nick,D,NYR,80,11,23,13,-6.9,35,20.6,43,10.8,0.914,1022,2.88,2.7,51.6,5,0.18,225,6.5,7,6,13,45.3,38.9,164,141,23,61,23,88,5.5,0,0.1,0,0,1,2,2,0,0,0,0,0,4,1,0,1,5,0,2,5,2,0,29,16,0,1,36,9,-7,0.7,15,1,0,0,0,74,605,580,300,218,78,6.8,288,12.5,107.3,0.33
640000,Skellefteë,,SWE,SWE,69,180,2014,112,R,Arvidsson,Viktor,LW/RW,NSH,80,31,30,16,2.7,28,17.13,71.8,10.3,0.905,1008,3.73,2.81,57,21,0.92,411,22.9,14,30,44,29.4,28.3,23,156,-133,26,37,45,3.8,25,1.2,0,4,1,7,6,2,0,0,1,1,3,2,5,0,19,0,6,10,24,2,48,17,12,4,139,27,13,7.8,14,0,0,0,0,64,316,471,227,173,69,8.7,96,4.3,120,0.97
925000,Arvika,,SWE,SWE,75,214,2013,34,L,De la Rose,Jacob,LW,MTL,9,0,0,-3,-2,4,10.9,0,4.2,0.909,951,0.61,3.06,16.7,-4,-2.45,9,0.5,0,0,0,37.8,12.7,23,9,14,0,4,5,4.9,50,33,7,3,0,0,0,0,0,0,0,0,0,0,0,0,0,0,1,1,1,0,1,0,0,0,2,0,-2,-2,2,0,0,0,0,5,39,44,17,14,6,-0.3,32,13.5,99.7,-0.11
1900000,Zhukovskiy,,RUS,RUS,71,180,2011,27,L,Namestnikov,Vladislav,C/LW,T.B,74,10,18,-4,4,31,14.78,50,9.4,0.905,999,3.07,2.42,56,12,0.66,197,15.1,20,11,31,25.4,23.9,72,100,-28,26,14,31,3.7,43.5,46.8,59,91,0,2,0,1,0,0,0,1,1,0,2,0,5,0,2,7,11,3,8,11,18,1,62,13,-1,-1.1,13,1,0,0,0,44,395,419,164,104,81,2.2,135,6.6,108,0.43
925000,Mississauga,ON,CAN,CAN,70,195,2014,21,L,Fabbri,Robby,C/LW,STL,51,11,18,-16,-5.3,27,15.6,67.4,10.7,0.883,990,3.25,2.95,52.4,4,0.3,160,8.9,3,9,12,27.8,24.2,64,58,6,8,20,14,2.3,54.2,3.3,0,11,0,4,0,1,0,0,0,0,0,4,0,0,7,0,2,4,4,0,1,14,2,0,70,15,3,-2.5,11,1,0,0,0,39,270,283,58,79,62,2.5,106,7.6,104.7,0.55
4000000,Frydek-Mistek,,CZE,CZE,72,188,2011,208,L,Palat,Ondrej,LW,T.B,75,17,35,8,-0.4,39,19.09,62.7,10.6,0.915,1020,3.49,2.48,58.5,24,1.01,276,17.7,20,12,32,27.9,26.2,141,127,14,46,60,66,5.4,26.5,2.3,0,4,0,1,3,0,0,0,0,0,0,1,3,0,13,1,1,12,11,0,17,22,18,1,93,31,13,7.3,17,1,0,0,0,59,422,481,248,166,67,5.6,247,11.8,112,0.76
6500000,Rochester,NY,USA,USA,70,187,2004,127,R,Callahan,Ryan,RW,T.B,18,2,2,-4,-4.5,23,14.15,57.1,6.3,0.916,978,1.65,3.3,33.3,-7,-1.65,42,2,0,5,5,34.2,31.2,48,27,21,10,7,13,4.4,55.6,3.1,1,4,0,0,1,0,0,0,0,0,0,0,1,0,1,1,0,2,2,0,4,3,2,0,11,6,0,-1,4,1,0,1,0,14,115,108,37,21,16,0.1,85,13.8,115.4,0.12
700000,Norrkoping,,SWE,SWE,75,203,2009,10,L,Paajarvi,Magnus,LW,STL,32,8,5,9,2.2,6,12.16,68.4,10.4,0.951,1054,2.93,1.39,67.9,10,1.54,81,5.1,3,7,10,24.7,24.4,29,39,-10,0,11,16,4.6,33.3,0.9,0,1,0,2,3,0,0,0,0,0,0,1,1,0,6,0,1,1,7,2,0,3,5,1,33,5,2,3,3,0,0,0,0,9,121,172,25,41,19,2.1,51,13.3,107,0.5
925000,London,ON,CAN,CAN,70,175,2015,24,R,Konecny,Travis,C/LW,PHI,70,11,17,-2,0,49,14.09,66.7,7.8,0.917,995,2.55,2.43,51.2,2,0.12,235,14.6,20,14,34,28.5,25.5,92,126,-34,28,26,26,2.9,0,0.6,0,0,0,1,0,0,0,0,2,0,0,3,3,0,3,1,2,10,16,1,7,41,7,0,61,29,10,4.6,17,1,0,1,0,40,384,457,175,95,78,2.7,168,6.9,114.8,0.46
925000,Boston,MA,USA,USA,75,207,2012,66,L,Vesey,Jimmy,LW,NYR,80,16,11,-13,-8.1,26,13.62,60,9.1,0.919,1010,2.48,2.37,51.1,2,0.11,214,16.9,13,11,24,21.9,21.6,64,71,-7,34,44,37,3.8,28.6,0.7,1,0,0,0,6,0,0,0,3,0,0,3,2,0,8,0,2,2,18,0,2,22,9,0,65,16,6,3.6,8,2,0,0,0,43,379,405,198,147,60,2.2,129,13.5,106.1,0.25
1025000,Esbjerg,,DNK,DNK,73,185,2008,149,R,Larsen,Philip,D,VAN,26,1,5,-8,-5.7,4,16.44,46.2,6,0.926,986,1.83,2.25,44.8,-3,-0.42,87,1.9,0,1,1,50.1,48.8,12,26,-14,14,4,22,6.1,0,0,0,0,0,0,0,0,0,0,0,0,1,0,0,0,0,0,1,2,0,1,15,0,1,0,15,0,-2,0.5,2,0,0,0,0,16,122,149,55,27,19,0.7,38,8,109.7,0.2
925000,Aalborg,,DNK,DNK,72,172,2014,9,L,Ehlers,Nikolaj,LW,WPG,82,25,39,1,4.9,38,17.39,77.1,10.4,0.899,1003,3.53,2.85,55.3,16,0.68,372,18.9,8,24,32,32.2,30.7,43,92,-49,51,36,27,2.3,0,0.3,0,0,0,3,4,3,1,1,1,0,2,4,1,1,16,2,9,10,22,2,35,23,1,6,115,41,22,16.6,19,0,0,0,0,67,412,411,231,167,83,7.2,109,4.2,112.3,0.79
925000,Lakeville,MN,USA,USA,75,211,2012,28,L,Skjei,Brady,D,NYR,80,5,34,11,-4,42,17.45,50,11.3,0.918,1031,3.36,2.24,60,26,1.12,229,5.9,3,6,9,47.6,42.8,147,108,39,51,17,69,6,0,0.1,0,0,0,2,0,0,0,0,0,0,3,1,1,0,0,0,3,2,3,0,49,22,2,2,49,11,-9,-3.5,20,0,0,0,0,52,590,507,235,166,102,6.4,258,8.2,104.9,0.48
1750000,Calgary,AB,CAN,CAN,75,215,,,R,Beagle,Jay,C/RW,WSH,81,13,17,20,-2.4,22,13.62,73.2,10,0.92,1020,2.23,2.56,46.6,-6,-0.33,158,11.4,11,5,16,24.9,23.4,55,59,-4,26,11,44,3.8,56.4,91.3,333,102,1,4,4,0,0,0,1,0,0,0,3,1,8,1,0,1,17,0,6,16,13,2,46,12,1,-1.3,11,0,0,0,0,47,481,426,179,122,71,3.5,121,6,102.9,0.36
6000000,Calgary,AB,CAN,CAN,73,201,2010,1,L,Hall,Taylor,LW/C,N.J,72,20,33,-9,3.2,32,19.18,76.8,8.5,0.927,1012,3.05,1.94,61.1,25,1.1,390,24.5,10,16,26,27.5,25.6,59,138,-80,44,43,31,3,44.4,1.3,1,7,2,2,4,3,0,1,2,0,0,6,2,0,10,0,2,4,18,0,22,77,11,3,107,24,9,6.3,15,0,0,0,0,44,375,483,183,129,71,5.9,122,6.8,108.4,0.87
2500000,Nizhnekamsk,,RUS,RUS,71,195,2012,1,L,Yakupov,Nail,RW/LW,STL,40,3,6,-3,3.3,14,10.65,52.9,8.5,0.903,988,2.39,2.39,50,0,0,68,3.5,2,3,5,26.9,24.9,32,31,1,3,11,8,2.4,0,0,0,0,0,1,0,0,0,0,0,0,1,0,0,0,2,0,1,0,7,0,4,1,0,2,21,9,2,1.1,7,0,0,0,0,17,162,180,42,44,28,0.5,54,6.1,99.2,0.26
667500,Chicago,IL,USA,USA,69,173,2012,169,R,Hinostroza,Vinnie,LW/C,CHI,49,6,8,-1,-5.6,17,11.98,77.8,6.4,0.94,1004,1.84,1.94,48.6,-1,-0.1,132,7.9,9,6,15,28.6,26.8,31,67,-36,15,27,19,3.4,39.8,32.9,17,26,0,0,2,0,0,0,1,1,0,0,0,0,4,0,0,1,2,1,6,6,2,0,59,9,2,4.2,6,1,0,0,0,19,173,303,115,81,22,1.1,68,9.7,110.7,0.27
3700000,Shaunavon,SK,CAN,CAN,77,223,2003,8,L,Coburn,Braydon,D,T.B,80,5,7,-1,-1.1,50,16.72,27.9,7.2,0.921,993,1.93,2.52,43.4,-13,-0.58,220,4.6,8,10,18,52.3,46.8,109,98,11,35,6,76,6,0,0,0,0,0,0,0,0,0,0,1,0,2,0,0,0,2,0,1,10,12,0,36,12,1,0,41,7,-15,-8.3,20,2,0,0,0,56,550,562,201,140,110,3.2,237,5.8,105.9,0.23
650000,Bloomfield Hills,MI,USA,USA,73,210,,,R,Brown,Patrick,C,CAR,14,0,0,-6,-2.8,0,9.72,0,2.3,0.87,893,0.44,3.09,12.5,-6,-2.65,22,1,0,2,2,34.4,33.9,30,18,12,3,2,5,4.1,60,15.2,1,5,0,0,0,0,0,0,0,0,0,0,0,0,0,0,0,1,1,0,4,2,1,0,4,0,0,0,0,0,0,0,0,7,91,74,11,17,3,-0.5,35,0,97.1,-0.07
925000,Boston,MA,USA,USA,72,183,2015,21,R,White,Colin,C/D,OTT,2,0,0,0,-0.3,0,13.71,0,11.1,1,1111,2.19,0,100,1,2.19,2,0.1,0,0,0,33,24.1,0,0,0,0,1,1,4.8,33.3,91.3,1,3,0,0,0,0,0,0,0,0,0,0,0,0,0,0,0,0,0,0,0,0,0,0,1,0,0,0,0,0,0,0,0,0,8,5,1,2,0,0,1,0,105,0.03
832500,Lac-Beauport,QC,CAN,CAN,78,202,2013,11,L,Morin,Samuel,D,PHI,1,0,0,0,0.2,0,17.78,0,0,1,1000,0,0,0,0,0,4,0.1,0,0,0,46,49.1,7,2,5,0,1,0,0,0,0,0,0,0,0,0,0,0,0,0,0,0,0,0,0,0,0,0,1,0,0,0,2,0,0,0,0,0,0.1,0,0,0,0,0,0,12,7,1,1,0,0,7,0,77.6,0.5
667500,Winchester,MA,USA,USA,68,175,,,L,Sheary,Conor,LW,PIT,61,23,30,24,13.2,22,15.91,75.7,11.1,0.929,1039,4.34,2.17,66.7,35,2.17,246,17.9,19,13,32,23.1,20.4,29,95,-66,25,26,23,2.7,0,0,0,0,1,2,6,1,0,0,0,0,2,3,4,0,13,1,2,0,18,1,4,23,10,1,97,14,3,2.4,11,0,0,0,0,35,338,480,149,111,51,7.3,74,5,121.5,0.93
832500,Sudbury,ON,CAN,CAN,74,217,2012,26,L,Gaunce,Brendan,C/LW,VAN,57,0,5,-2,-0.5,33,9.49,41.7,4.9,0.939,988,1.33,1.78,42.9,-4,-0.44,81,3.5,4,3,7,29.9,28.2,94,34,60,6,11,12,2.5,51.2,37,29,24,0,0,0,0,0,0,0,0,0,0,0,0,0,0,1,3,5,2,0,3,0,3,38,5,-6,-5,9,1,0,1,0,16,308,243,56,46,40,-0.3,140,11.7,102.7,0.13
7000000,Ornskoldsvik,,SWE,SWE,73,190,1999,2,L,Sedin,Daniel,LW,VAN,82,15,29,-16,-12,32,18.35,71,7.9,0.916,995,2.48,2.32,51.7,4,0.16,345,18.5,5,11,16,31.6,29.6,20,74,-54,30,26,18,1.6,50,0.4,0,2,1,4,3,0,0,0,0,0,3,3,1,0,8,0,5,4,14,8,30,23,8,1,132,8,-8,-4.2,16,0,0,0,0,58,259,446,182,119,64,3.8,70,2.9,104.8,0.53
925000,Tampere,,FIN,FIN,77,206,2016,2,R,Laine,Patrik,RW,WPG,73,36,28,7,-2.9,26,17.82,70.3,13.1,0.903,1034,4.24,2.75,60.7,32,1.49,349,14.6,4,27,31,39.9,37.6,80,61,19,55,43,33,3.1,0,0.3,0,0,1,5,5,3,0,0,0,0,8,8,2,0,18,1,4,19,4,1,50,36,5,0,108,13,0,-0.6,13,0,0,0,0,59,421,359,194,176,78,8.9,139,9.5,109,0.8
925000,Brno,,CZE,CZE,75,210,2015,6,L,Zacha,Pavel,C,N.J,70,8,16,-17,-4.1,19,14.34,75,6.8,0.918,986,1.92,2.29,45.7,-6,-0.36,123,7.7,6,5,11,29.7,26.6,54,58,-4,26,16,24,3,40.3,52.4,49,71,0,2,2,0,0,0,2,1,0,4,0,0,1,0,2,4,11,1,3,26,2,0,40,16,8,8.6,7,1,0,0,0,38,320,349,117,90,53,1.5,98,10,96.3,0.26
3750000,Pittsburgh,PA,USA,USA,70,182,2011,64,R,Trocheck,Vincent,C/RW,FLA,82,23,31,-13,-1.7,43,20.81,68.4,8.2,0.892,974,2.78,3.2,46.5,-12,-0.42,424,22.3,12,24,36,31,28.1,164,131,33,69,63,51,3.6,50.2,91.2,293,275,1,4,2,3,0,1,0,0,5,5,1,0,12,0,5,8,22,1,37,54,14,1,101,33,13,11.5,19,1,0,0,0,91,477,485,322,198,101,5.5,259,11.9,112.5,0.83
6000000,Kitchener,ON,CAN,CAN,72,202,2002,241,R,Wideman,Dennis,D,CGY,57,5,13,-6,1.4,32,20.23,41.9,8.7,0.898,985,2.24,3.02,42.6,-15,-0.78,190,4,1,6,7,48.7,44.6,61,78,-17,49,21,74,7.2,0,0,0,0,0,1,1,0,0,0,0,0,2,0,0,0,3,0,0,10,0,0,45,4,0,0,38,7,-5,-1.5,11,0,0,1,0,58,347,304,209,155,79,3.2,167,7.5,103,0.34
750000,Aurora,ON,CAN,CAN,71,185,2011,12,R,Murphy,Ryan,D,CAR,27,0,2,-11,-3.3,8,13.03,40,3.5,0.904,939,0.87,2.61,25,-10,-1.74,41,0.8,0,2,2,46.7,46.9,2,29,-27,8,9,30,9.6,0,0,0,0,0,0,0,0,0,0,0,0,0,0,0,0,0,0,0,1,0,0,11,3,0,0,3,4,0,2.8,4,0,0,0,0,15,132,162,33,54,14,-0.3,41,3.3,105.6,0.04
7000000,King City,ON,CAN,CAN,75,205,2008,4,R,Pietrangelo,Alex,D,STL,80,14,34,3,3.9,24,25.24,45.7,10.7,0.911,1018,3.13,2.68,53.8,15,0.45,335,8.8,6,8,14,50.3,43.5,38,130,-92,27,53,158,8.5,0,0.1,0,0,0,2,4,1,0,0,1,0,3,1,1,0,8,1,1,8,5,0,61,19,1,1,94,7,-5,5.1,12,0,0,0,0,90,600,673,160,212,114,9.2,220,7.6,108.4,0.7
640000,Quebec City,QC,CAN,CAN,71,174,2015,115,R,Carrier,Alex,D,NSH,2,0,0,1,0.1,0,10.39,0,14.3,1,1143,2.89,0,100,1,2.89,1,0.1,0,0,0,51,0,0,5,-5,0,0,1,6.3,0,0,0,0,0,0,0,0,0,0,0,0,0,0,0,0,0,0,0,0,0,0,0,0,0,0,1,0,0,0.1,0,0,0,0,0,0,10,12,1,1,2,0.1,1,0,89.5,-0.01
3000000,Fergus,ON,CAN,CAN,73,205,2006,36,L,McGinn,Jamie,LW/RW,ARI,72,9,8,-23,-10.9,23,13.16,60.7,6.1,0.914,975,1.77,2.79,38.9,-16,-1.01,173,13.1,20,7,27,28.9,25.5,116,69,47,27,5,18,1.9,33.3,0.3,1,0,0,1,2,0,0,0,0,0,1,2,2,0,4,0,1,1,11,2,14,8,11,3,67,10,0,0,9,1,0,0,0,44,445,343,125,77,50,0.4,158,13.4,112.9,0.15
925000,Farevejle,,DNK,DNK,73,182,2013,45,R,Sorensen,Nick,RW,ANA,5,0,1,-1,-1.1,2,10.88,100,3.2,0.926,958,1.1,2.21,33.3,-1,-1.1,9,0.4,1,0,1,52,50.2,2,6,-4,0,0,3,6.1,100,2.4,0,0,0,0,0,0,0,0,0,0,0,0,0,0,0,0,0,0,1,0,1,0,0,0,5,0,-1,-0.9,1,0,0,0,0,2,29,24,4,2,3,0,7,2,109.2,0.14
925000,Coquitlam,BC,CAN,CAN,72,182,2015,16,R,Barzal,Mathew,C,NYI,2,0,0,-2,-1.8,6,9.75,0,0,0.857,857,0,6.16,0,-2,-6.16,0,0,0,0,0,0,,1,1,0,0,0,0,0,46.2,86.7,1,3,0,0,0,0,0,0,0,0,0,0,0,0,0,0,0,0,0,0,0,0,0,0,0,0,-3,-3,3,0,0,0,0,2,8,7,5,4,3,-0.1,7,0.3,123.2,-0.81
3000000,G_vle,,SWE,SWE,74,196,2009,39,R,Silfverberg,Jakob,RW/LW,ANA,79,23,26,10,8.2,20,18.46,74.2,8.6,0.924,1010,2.72,2.23,55,12,0.49,383,23.2,17,31,48,28.9,27.4,47,138,-91,38,46,46,3.4,14.3,0.5,0,1,0,5,5,1,0,0,3,0,3,4,2,1,10,0,7,3,15,0,25,31,15,6,135,17,7,3.8,10,0,0,0,0,54,467,468,210,118,89,6.1,113,9.3,115.2,0.73
3750000,Winnipeg,MB,CAN,CAN,75,206,2010,178,R,Stone,Mark,RW,OTT,71,22,32,12,6.3,25,18.54,63.5,10.5,0.912,1017,3.88,2.06,65.4,40,1.83,229,16,22,13,35,28,24,43,67,-24,47,96,53,5.3,40,1.8,1,8,0,2,5,2,0,0,3,0,3,2,1,2,11,0,1,9,16,2,13,21,10,3,69,21,10,10.7,10,1,0,0,0,45,444,428,231,171,80,6.8,122,13.9,114.7,0.85
9500000,Magnitogorsk,,RUS,RUS,75,195,2004,2,L,Malkin,Evgeni,C/RW,PIT,62,33,39,18,6.2,77,18.56,77.4,12.2,0.93,1052,4.88,1.99,71,55,2.88,315,21.6,16,11,27,25.7,23.5,40,84,-44,54,52,25,2.7,43.1,72.2,57,176,1,5,6,0,0,0,2,0,6,5,3,1,15,0,3,9,17,2,34,31,13,2,92,22,-14,-16.3,35,1,0,0,0,38,440,499,176,121,84,9.9,143,2.6,119.1,1.12
1250000,Stockholm,,SWE,SWE,73,189,2010,90,L,Nordstrom,Joakim,LW/C,CAR,82,7,5,-12,-2.5,17,12.67,63.2,4.5,0.923,968,1.11,2.21,33.3,-19,-1.11,184,10.7,9,9,18,34.1,29.2,148,120,24,21,27,41,4.2,31,3.1,1,7,0,3,2,0,0,0,2,0,0,2,0,0,3,0,1,3,8,0,6,32,8,0,50,11,4,5.8,6,1,0,0,0,38,441,465,120,168,45,0,207,29.2,103.1,0.19
925000,Sorel-Tracy,QC,CAN,CAN,71,170,2015,28,L,Beauvillier,Anthony,C/LW,NYI,66,9,15,1,-9.3,10,13.02,61.5,9.3,0.923,1017,2.72,2.44,52.7,4,0.28,170,9.5,9,7,16,30.5,26.1,81,73,8,30,17,26,2.9,41.4,42.5,30,51,0,2,2,0,0,0,1,0,1,1,1,0,5,0,2,5,13,3,5,19,5,5,51,6,1,-1.6,5,0,0,0,0,35,397,346,153,88,44,2.2,117,19.6,114.5,0.24
842500,Stockholm,,SWE,SWE,71,196,2012,37,R,Aberg,Pontus,LW,NSH,15,1,1,-2,-1.2,4,12.33,40,6.5,0.921,986,1.62,2.27,41.7,-2,-0.65,24,0.5,0,1,1,32.9,31.8,9,17,-8,2,5,2,1.3,100,0.5,1,0,0,0,0,0,0,0,0,0,0,1,0,0,0,0,1,0,0,1,0,1,1,1,8,3,1,0,2,0,0,0,0,7,68,72,28,23,13,-0.1,15,7,97.6,0.06
4000000,Madison,WI,USA,USA,73,208,2009,98,R,Smith,Craig,RW/LW/C,NSH,78,12,17,7,1.7,30,13.82,60.4,7.8,0.932,1010,2.67,1.95,57.8,13,0.72,317,16.8,14,18,32,28.1,27.4,93,88,5,35,34,16,1.8,45.9,11,5,43,0,2,1,0,0,1,0,0,1,0,2,0,9,0,6,12,18,2,14,15,9,5,92,14,-1,-0.9,15,0,0,0,0,35,399,382,157,119,60,3,139,8.5,116.6,0.54
2700000,Rochester,MN,USA,USA,74,215,2003,21,L,Stuart,Mark,D,WPG,42,2,2,4,-0.4,27,12.33,25,7.4,0.917,992,1.89,3.31,36.4,-12,-1.42,48,1,1,3,4,53.8,44,68,36,29,23,3,79,12.3,0,0,0,0,0,0,1,0,0,0,0,0,0,0,0,0,2,0,0,0,0,0,9,5,0,0,10,6,-5,-4,10,1,0,0,0,28,259,186,91,50,34,1.1,175,7.1,120.3,0.07
5000000,Indianapolis,IN,USA,USA,73,226,2005,3,L,Johnson,Jack,D,CBJ,82,5,18,23,7,32,21.81,29.9,8.7,0.936,1023,2.59,2.18,54.2,12,0.4,224,5.4,3,11,14,48.9,42.7,94,101,-7,27,20,134,7.1,100,0.1,1,0,0,2,1,0,0,0,0,0,0,1,1,0,3,1,3,0,7,1,38,26,1,1,42,14,-1,4.7,15,0,0,0,0,65,663,521,181,199,105,6.3,260,7.6,114.2,0.37
575000,Raahe,,FIN,FIN,71,203,2011,52,L,Salomaki,Miikka,RW,NSH,5,0,0,-1,-0.2,2,12.21,0,5.9,0.909,968,0.98,2.95,25,-2,-1.97,8,0.4,1,1,2,28.7,30.6,14,5,9,0,1,9,12.9,0,0,0,0,0,0,0,0,0,0,0,0,0,0,0,0,0,0,0,0,0,0,0,0,0,0,3,1,0,0,1,0,0,0,0,3,40,25,5,8,2,-0.1,25,15,103.3,-0.13
600000,St. Paul,MN,USA,USA,72,196,2009,150,R,Jensen,Nick,D,DET,49,4,9,-7,0.3,12,17.62,41.9,8.1,0.896,977,2.19,3.18,40.8,-14,-0.99,120,2.7,1,2,3,47,42.9,55,93,-38,35,10,56,7,0,0,0,0,0,2,0,0,0,0,1,0,1,0,0,0,2,0,1,2,6,0,26,5,0,0,22,7,1,3.8,6,0,0,0,0,45,301,324,133,72,40,2.3,123,10.8,106.2,0.32
3700000,Bowmanville,ON,CAN,CAN,73,210,2008,9,L,Bailey,Josh,RW/LW/C,NYI,82,13,43,5,0.7,12,18.36,62.2,10.4,0.902,1006,3.59,2.67,57.3,23,0.92,304,19.3,16,20,36,30.8,26.2,37,71,-34,61,54,53,4,53.3,1,3,3,1,3,1,0,0,0,0,0,3,2,4,0,4,0,4,9,12,4,20,27,16,0,94,11,6,4.7,5,0,0,0,0,67,449,443,281,192,74,5.2,102,18.2,117,0.69
6500000,Aneroid,SK,CAN,CAN,74,215,1997,2,L,Marleau,Patrick,LW/C,S.J,82,27,19,4,5.9,28,17.15,56.1,10,0.926,1026,3.51,1.88,65.1,38,1.62,325,23.4,18,17,35,25.3,22.8,82,96,-14,51,46,32,2.7,53.5,14.9,21,58,0,8,6,2,0,0,3,3,0,3,2,2,14,1,4,12,15,14,15,25,11,7,103,11,-3,-0.1,14,0,0,0,0,44,393,434,328,175,61,6,142,9.1,119.4,0.63
575000,Rochester,NY,USA,USA,67,175,,,R,Gionta,Stephen,RW/C,NYI,26,1,5,9,-2.6,2,11.2,40,13,0.93,1060,3.09,2.27,57.7,4,0.82,28,1.4,0,0,0,25.1,24.1,56,25,31,6,5,7,2.4,46.7,43.2,22,12,0,0,0,0,0,0,0,0,0,0,0,0,1,0,0,0,2,0,1,3,1,0,10,5,4,4,1,0,0,0,0,11,179,115,46,33,13,0.6,65,61,100,0.21
680000,Burnsville,MN,USA,USA,77,210,2011,101,L,Labate,Joseph,C,VAN,13,0,0,-2,-1.3,21,6.77,0,6.3,0.909,972,1.36,2.73,33.3,-2,-1.36,13,0.5,0,2,2,32,33.4,23,10,13,1,3,2,2.2,100,1.4,0,1,0,0,0,0,0,0,0,0,0,0,0,0,0,0,0,0,0,0,0,0,0,1,4,2,-4,-3,3,3,0,0,0,4,54,42,13,11,9,-0.2,49,8.7,107.1,-0.09
600000,Denver,CO,USA,USA,73,201,2011,82,R,Shore,Nick,C,L.A,70,6,11,-2,4.2,20,12.78,65.4,6.6,0.92,985,1.74,2.01,46.4,-4,-0.27,163,9.3,11,13,24,32.6,26.9,58,72,-14,19,11,22,2.9,50.2,94.2,113,132,0,2,1,0,0,0,0,1,0,3,1,0,1,2,2,6,5,2,6,12,6,0,48,7,-3,-1.8,10,0,0,0,0,30,439,429,113,48,55,1.3,100,6.9,103.6,0.33
9000000,Madison,WI,USA,USA,74,206,2003,7,L,Suter,Ryan,D,MIN,82,9,31,34,19.7,36,26.86,34.5,10.2,0.927,1029,3.18,2.14,59.8,38,1.04,332,8.6,10,8,18,48,45.5,72,45,27,38,41,105,5.2,0,0,0,0,0,3,1,0,0,0,0,1,3,1,0,0,4,1,4,7,10,3,38,19,1,0,93,4,-14,3.3,18,0,0,0,0,78,513,583,198,247,95,9.3,213,6.3,111.3,0.54
4250000,Montreal,QC,CAN,CAN,73,205,2005,35,L,Vlasic,Marc-Edouard,D,S.J,75,6,22,4,0.6,35,21.09,43.8,9.2,0.908,1000,2.44,2.52,49.2,-2,-0.08,311,6.6,3,5,8,50.5,45.6,18,103,-85,61,23,144,9.5,0,0,0,0,1,1,2,0,0,0,0,1,1,1,0,0,3,1,2,10,5,1,41,20,0,0,77,11,-1,5,10,1,0,0,1,66,426,513,311,189,67,5.8,200,4.1,108.8,0.43
7000000,Kladno,,CZE,CZE,71,196,2001,71,L,Plekanec,Tomas,C,MTL,78,10,18,10,5,24,16.82,58.3,7.5,0.922,997,2.19,2.42,47.5,-5,-0.23,236,14.5,12,18,30,27.3,26,57,79,-22,29,30,45,3.6,51.2,90.1,277,161,0,1,3,0,0,0,3,0,1,1,0,0,5,0,3,4,15,0,21,22,6,4,71,12,0,0.7,12,0,0,0,0,53,471,578,244,134,68,2.4,126,7.3,113.2,0.5
925000,St. Albert,AB,CAN,CAN,78,226,2012,86,R,Parayko,Colton,D,STL,81,4,31,7,1.7,32,21.18,46.1,9.2,0.917,1009,2.66,2.24,54.3,12,0.42,384,8,4,14,18,51,47,80,160,-80,39,38,117,8,0,0,0,0,0,2,2,0,0,0,0,0,2,0,0,0,2,0,2,9,5,0,74,18,1,0,90,13,-3,1.6,16,0,0,0,0,64,578,642,150,174,100,6.7,229,7.4,104,0.56
